epoch,linear_support_purity,orthogonal_support_purity,linear_proto_gt_cosine,orthogonal_proto_gt_cosine,linear_support_purity_instance_macro,orthogonal_support_purity_instance_macro,linear_support_purity_patch_micro,orthogonal_support_purity_patch_micro,linear_proto_gt_cosine_instance_macro,orthogonal_proto_gt_cosine_instance_macro,linear_mean_support_size,orthogonal_mean_support_size,linear_valid_classes,orthogonal_valid_classes,linear_valid_part_instances,orthogonal_valid_part_instances,linear_skipped_no_gt_patch,orthogonal_skipped_no_gt_patch
0,0.2480741107230124,0.2480741107230124,0.5958412169806205,0.5958412169806205,0.2604357003687385,0.2604357003687385,0.3091221556594979,0.3091221556594979,0.5928100994077489,0.5928100994077489,5.909413173652695,5.909413173652695,116,116,41750,41750,8622,8622
1,0.27269552603897634,0.2627590663516229,0.6228978189234999,0.6098304173798242,0.28957530690488703,0.27510581729333555,0.33622072750138143,0.32242699377844686,0.6264814018456789,0.61050669950297,6.285149700598803,6.109724550898203,116,116,41750,41750,8622,8622
2,0.2938112156016143,0.2749059822724437,0.6496862897639272,0.6239177535804025,0.31563818117708503,0.2908372401687913,0.3614818780527157,0.3382672252974097,0.655492873040725,0.6273799878430029,6.531928143712575,6.265676646706587,116,116,41750,41750,8622,8622
3,0.3117672778108348,0.2866775532347552,0.6733688211271476,0.6374325319997302,0.33446025130134854,0.30621756525953375,0.3789705292127745,0.3538710848468744,0.6756981817400417,0.6430165158797301,6.683976047904191,6.399976047904191,116,116,41750,41750,8622,8622
4,0.32281535570318715,0.29782105306784223,0.6885016533653189,0.6509428730790124,0.34815697213025865,0.3196834335466345,0.39150124003636966,0.3669736260498011,0.6885021763869622,0.6569021599115135,6.770131736526946,6.50251497005988,116,116,41750,41750,8622,8622
5,0.33022843605799507,0.3095773192067365,0.699222398543013,0.665199047292144,0.3572064731096079,0.3316994015767189,0.39973186961282536,0.3784827526018371,0.696626171216497,0.6688940013048859,6.824814371257485,6.586778443113772,116,116,41750,41750,8622,8622
6,0.33586436367497735,0.3192840191840359,0.7055890062716507,0.676578395626861,0.3644211009994238,0.3413430000772019,0.4060172149708141,0.38803523499000236,0.7025301355688504,0.6782178521752971,6.864934131736527,6.648263473053892,116,116,41750,41750,8622,8622
7,0.34047823769534236,0.32659531850352996,0.7104977813540371,0.6851182737034873,0.3695170519548262,0.34898745402640213,0.4106043551368102,0.3955873302131192,0.7065309437285875,0.6852197568496678,6.894467065868263,6.693844311377245,116,116,41750,41750,8622,8622
8,0.3439804442366824,0.3325035511608385,0.713818688531368,0.692011558237275,0.3737377534219605,0.35568637047770496,0.4140179214447953,0.40214562169976253,0.7097740258309979,0.6905109159846896,6.917748502994012,6.726970059880239,116,116,41750,41750,8622,8622
9,0.34687639126095293,0.3370223750919113,0.7165263274360238,0.6974740976237146,0.3772405763346992,0.36128728293266127,0.4169877371778938,0.40765040500475225,0.7119088629736916,0.6949840016744718,6.937868263473054,6.753820359281437,116,116,41750,41750,8622,8622
10,0.3500803861284435,0.34110716205522257,0.7181637303054438,0.7023112759633034,0.3804705164536031,0.3657943259905912,0.4196414116188147,0.4117782199774502,0.7135481248611227,0.6986823392034268,6.953413173652694,6.77674251497006,116,116,41750,41750,8622,8622
11,0.3524379228307992,0.34468471611596596,0.7190481631236654,0.7064566855741877,0.3835313091456533,0.3696479045427488,0.422398755930489,0.41529222701513996,0.714890105500689,0.7017493294188809,6.961892215568862,6.796455089820359,116,116,41750,41750,8622,8622
12,0.35408710195654325,0.3479912229567872,0.7194964128740182,0.7100606315896237,0.3853600516597668,0.37300205339643056,0.4240881957737234,0.41848815708992737,0.7156072830257848,0.7044000022643229,6.969796407185629,6.813748502994012,116,116,41750,41750,8622,8622
13,0.35575592893767777,0.35050435137186714,0.7205180042816942,0.7126864284144542,0.38746293161158074,0.3759203881610653,0.42595721881053455,0.4213847729696357,0.7162686358151601,0.7064588208658297,6.973796407185628,6.828071856287425,116,116,41750,41750,8622,8622
14,0.35686686488779634,0.3530604591835073,0.7214411642655489,0.7151912687706513,0.38874511010239937,0.37849195930593743,0.42729416287123445,0.42391376648473794,0.7168752742275696,0.7085274479510876,6.97865868263473,6.841748502994012,116,116,41750,41750,8622,8622
15,0.35690605322987345,0.35495310738319885,0.7213815818429623,0.7171260665646941,0.3898506419091168,0.38090253815715186,0.4283283825779144,0.4261247658194223,0.7174705622142716,0.7101318303466535,6.982946107784431,6.852790419161677,116,116,41750,41750,8622,8622
16,0.3580624489900637,0.3569204538156686,0.722002735865504,0.7188949933082349,0.3908278018835776,0.38321773633235945,0.4290768835176138,0.42832064105875206,0.718004566003892,0.7115271007446015,6.98622754491018,6.862898203592814,116,116,41750,41750,8622,8622
17,0.3588188114711796,0.3587016807226131,0.7226996496089128,0.7204105636921764,0.39159164561304505,0.384961962152384,0.42971145840114855,0.4299120152822901,0.7183910858039549,0.7126970386195504,6.990347305389221,6.871089820359281,116,116,41750,41750,8622,8622
18,0.3588879237101269,0.3598904876847713,0.7231846189705848,0.7220818341071125,0.3924987742079946,0.38651679535754424,0.43065055883048065,0.4312242545797686,0.7187372195717773,0.7139962502252422,6.992790419161676,6.878730538922156,116,116,41750,41750,8622,8622
19,0.3592773241756465,0.36119074335954593,0.7234163369329424,0.7234200412497354,0.3927780727529954,0.3882876251311359,0.43109523695375984,0.43274937209091985,0.7188802136126125,0.7151228803465934,6.994467065868263,6.8853173652694615,116,116,41750,41750,8622,8622
20,0.3593743984504516,0.3622935153407174,0.7234296867768115,0.7244392778910792,0.3928150844541852,0.38955979506840965,0.43130797932427345,0.4338309391266879,0.7189214032380089,0.7159060393535047,6.997125748502994,6.89288622754491,116,116,41750,41750,8622,8622
21,0.35969136001316343,0.3635373896234893,0.7233774291871338,0.7256698246501054,0.39310062765575454,0.39058166559906066,0.43157102282448756,0.43462202026583724,0.7187957682368585,0.7166239480296774,6.999520958083832,6.899904191616766,116,116,41750,41750,8622,8622
22,0.3610401326826832,0.36427405851803835,0.7238172935668866,0.7266353802379795,0.39301753668156925,0.3915080129150859,0.4314152027581678,0.43529440326848845,0.7188336185768113,0.7174215857695821,7.0028263473053896,6.906083832335329,116,116,41750,41750,8622,8622
23,0.3614413128646716,0.36535377582626277,0.7236280539246233,0.7273184310630735,0.39323176536695686,0.39243852333465734,0.431555412732382,0.4360021899732491,0.7185767468218776,0.7180571314615983,7.006323353293413,6.9122874251497,116,116,41750,41750,8622,8622
24,0.3617010631931083,0.36653025867466116,0.7239053469064909,0.728240255028295,0.3932146852259151,0.39346988918253045,0.4315345181134655,0.4368227922594939,0.7184229559234461,0.7187079709395376,7.008383233532935,6.919041916167664,116,116,41750,41750,8622,8622
25,0.3627039479145806,0.36782171242206246,0.7247239086185675,0.7291807520038714,0.3933053610267753,0.3943397779753822,0.43151136608250273,0.4375445369198093,0.7183257426736028,0.7192812577951087,7.010035928143712,6.924215568862276,116,116,41750,41750,8622,8622
26,0.36255905240766384,0.3686656974489293,0.7245253457493925,0.7298935737929458,0.3931921303454273,0.3950108358617314,0.4313587517164582,0.4379201531820177,0.718134847803493,0.719759505248333,7.012071856287426,6.930035928143712,116,116,41750,41750,8622,8622
27,0.36195451043090227,0.36940141800484205,0.7242704997600234,0.7304815743938718,0.3927679216194296,0.39581673833602915,0.43089494748056983,0.4385391585514566,0.7178433253115021,0.7203141481914964,7.01422754491018,6.933580838323353,116,116,41750,41750,8622,8622
28,0.3620036519424436,0.36995107055380216,0.7241366478012057,0.7309486164416261,0.3926335902802958,0.39641100694533593,0.4308367186699894,0.4390006422075366,0.7176323201360828,0.7206826135788313,7.0162874251497005,6.937149700598803,116,116,41750,41750,8622,8622
29,0.3611477244489948,0.37041243098101073,0.7239820433400165,0.7312395388318043,0.3927862563732855,0.3969614489139197,0.43085965097904033,0.43938212481713546,0.7175771333790345,0.7209568466806427,7.017748502994012,6.94208383233533,116,116,41750,41750,8622,8622
30,0.36176004982233995,0.3711342352870916,0.7243527758651547,0.7316638074645061,0.3929680926999646,0.3976827491771675,0.4310709032771053,0.4398605401826358,0.7174480099278352,0.7213105352261902,7.0187544910179644,6.9455329341317364,116,116,41750,41750,8622,8622
