epoch,absolute_support_purity,relative_support_purity,absolute_proto_gt_cosine,relative_proto_gt_cosine,absolute_support_purity_instance_macro,relative_support_purity_instance_macro,absolute_support_purity_patch_micro,relative_support_purity_patch_micro,absolute_proto_gt_cosine_instance_macro,relative_proto_gt_cosine_instance_macro,absolute_mean_support_size,relative_mean_support_size,absolute_valid_classes,relative_valid_classes,absolute_valid_part_instances,relative_valid_part_instances,absolute_skipped_no_gt_patch,relative_skipped_no_gt_patch
0,0.20439672827353278,0.2480741107230124,0.6764146028757181,0.5958412169806205,0.23129880239649447,0.2604357003687385,0.23127467408475444,0.3091221556594979,0.6555333046598059,0.5928100994077489,7.990395209580838,5.909413173652695,116,116,41750,41750,8622,8622
1,0.17625148307561855,0.2627590663516229,0.6514191030037861,0.6098304173798242,0.20453532934260227,0.27510581729333555,0.2044790302129203,0.32242699377844686,0.6333765745659521,0.61050669950297,7.990395209580838,6.109724550898203,116,116,41750,41750,8622,8622
2,0.1584757644037832,0.2749059822724437,0.6309493124224331,0.6239177535804025,0.18674491018092562,0.2908372401687913,0.1866672262207021,0.3382672252974097,0.6156668870646484,0.6273799878430029,7.990395209580838,6.265676646706587,116,116,41750,41750,8622,8622
3,0.15033820459867045,0.2866775532347552,0.6191759884773805,0.6374325319997302,0.17761616766595556,0.30621756525953375,0.17752751057407246,0.3538710848468744,0.6055663261270864,0.6430165158797301,7.990395209580838,6.399976047904191,116,116,41750,41750,8622,8622
4,0.1434269129178581,0.29782105306784223,0.611565856109682,0.6509428730790124,0.17246047904320105,0.3196834335466345,0.17236562459719604,0.3669736260498011,0.5991829365593309,0.6569021599115135,7.990395209580838,6.50251497005988,116,116,41750,41750,8622,8622
5,0.1408605502214428,0.3095773192067365,0.6073484460978205,0.665199047292144,0.16990359281565615,0.3316994015767189,0.16980566488508658,0.3784827526018371,0.5956344508263923,0.6688940013048859,7.990395209580838,6.586778443113772,116,116,41750,41750,8622,8622
6,0.14045337528098847,0.3192840191840359,0.6051395869819765,0.676578395626861,0.16879880239649447,0.3413430000772019,0.1686995464614702,0.38803523499000236,0.5935762870292107,0.6782178521752971,7.990395209580838,6.648263473053892,116,116,41750,41750,8622,8622
7,0.13821070219496231,0.32659531850352996,0.6034147555301281,0.6851182737034873,0.16780479042044658,0.34898745402640213,0.16770433964130588,0.3955873302131192,0.5921155061868248,0.6852197568496678,7.990395209580838,6.693844311377245,116,116,41750,41750,8622,8622
8,0.13750218093105548,0.3325035511608385,0.6021093387611498,0.692011558237275,0.1670502994024825,0.35568637047770496,0.1669489416934703,0.40214562169976253,0.5911716181424943,0.6905109159846896,7.990395209580838,6.726970059880239,116,116,41750,41750,8622,8622
9,0.13717721311264566,0.3370223750919113,0.6013784259889841,0.6974740976237146,0.16657125748631482,0.36128728293266127,0.1664693239488128,0.40765040500475225,0.59054393847918,0.6949840016744718,7.990395209580838,6.753820359281437,116,116,41750,41750,8622,8622
10,0.13663653369864595,0.34110716205522257,0.6007394227479386,0.7023112759633034,0.1661880239533807,0.3657943259905912,0.1660856297530868,0.4117782199774502,0.5901593964360431,0.6986823392034268,7.990395209580838,6.77674251497006,116,116,41750,41750,8622,8622
11,0.13640635107880766,0.34468471611596596,0.6004578507321696,0.7064566855741877,0.16587964071984776,0.3696479045427488,0.16577687582996353,0.41529222701513996,0.589893111051077,0.7017493294188809,7.990395209580838,6.796455089820359,116,116,41750,41750,8622,8622
12,0.1360705617906208,0.3479912229567872,0.6001550635180702,0.7100606315896237,0.16561017964200345,0.37300205339643056,0.16550709084859366,0.41848815708992737,0.5896083613100969,0.7044000022643229,7.990395209580838,6.813748502994012,116,116,41750,41750,8622,8622
13,0.13600616198779578,0.35050435137186714,0.5999806501813842,0.7126864284144542,0.16543353293541663,0.3759203881610653,0.16533023180525122,0.4213847729696357,0.5893108025065673,0.7064588208658297,7.990395209580838,6.828071856287425,116,116,41750,41750,8622,8622
14,0.13607610661959393,0.3530604591835073,0.5997601125062663,0.7151912687706513,0.16532275449230285,0.37849195930593743,0.16521932020179916,0.42391376648473794,0.5891282114453034,0.7085274479510876,7.990395209580838,6.841748502994012,116,116,41750,41750,8622,8622
15,0.13623908081203415,0.35495310738319885,0.599803905081864,0.7171260665646941,0.1653257485042789,0.38090253815715186,0.16522231781270327,0.4261247658194223,0.5889669432988514,0.7101318303466535,7.990395209580838,6.852790419161677,116,116,41750,41750,8622,8622
16,0.1362548861533782,0.3569204538156686,0.5998276030743033,0.7188949933082349,0.1652568862288298,0.38321773633235945,0.16515337276190875,0.42832064105875206,0.5888464127571885,0.7115271007446015,7.990395209580838,6.862898203592814,116,116,41750,41750,8622,8622
17,0.13636578228448507,0.3587016807226131,0.5998861146734878,0.7204105636921764,0.1652389221569735,0.384961962152384,0.1651353870964841,0.4299120152822901,0.5888154778137167,0.7126970386195504,7.990395209580838,6.871089820359281,116,116,41750,41750,8622,8622
18,0.13644463106456023,0.3598904876847713,0.6000965485007062,0.7220818341071125,0.16520299401326094,0.38651679535754424,0.16509941576563478,0.4312242545797686,0.5889332791086465,0.7139962502252422,7.990395209580838,6.878730538922156,116,116,41750,41750,8622,8622
19,0.1366354044136286,0.36119074335954593,0.600220486470265,0.7234200412497354,0.16539161676775196,0.3882876251311359,0.16528826525259369,0.43274937209091985,0.5888478424940481,0.7151228803465934,7.990395209580838,6.8853173652694615,116,116,41750,41750,8622,8622
20,0.13641145321082065,0.3622935153407174,0.6002653234709314,0.7244392778910792,0.16535868263601544,0.38955979506840965,0.16525529153264848,0.4338309391266879,0.5887348871853894,0.7159060393535047,7.990395209580838,6.89288622754491,116,116,41750,41750,8622,8622
21,0.13663267105713855,0.3635373896234893,0.6004447872023568,0.7256698246501054,0.1654814371270334,0.39058166559906066,0.16537819357971698,0.43462202026583724,0.588724438636837,0.7166239480296774,7.990395209580838,6.899904191616766,116,116,41750,41750,8622,8622
22,0.13666397893944415,0.36427405851803835,0.6003637261623271,0.7266353802379795,0.16558023952224296,0.3915080129150859,0.16547711473955257,0.43529440326848845,0.5885656888719737,0.7174215857695821,7.990395209580838,6.906083832335329,116,116,41750,41750,8622,8622
23,0.13691887621877075,0.36535377582626277,0.6004285410189358,0.7273184310630735,0.16572694610906932,0.39243852333465734,0.16562399767385394,0.4360021899732491,0.5885332369704447,0.7180571314615983,7.990395209580838,6.9122874251497,116,116,41750,41750,8622,8622
24,0.1370737937080915,0.36653025867466116,0.6004580981498644,0.728240255028295,0.16570898203721304,0.39346988918253045,0.16560601200842928,0.4368227922594939,0.5883490861901891,0.7187079709395376,7.990395209580838,6.919041916167664,116,116,41750,41750,8622,8622
25,0.13711730091288474,0.36782171242206246,0.6004314959886443,0.7291807520038714,0.1657000000012849,0.3943397779753822,0.16559701917571695,0.4375445369198093,0.588144509147083,0.7192812577951087,7.990395209580838,6.924215568862276,116,116,41750,41750,8622,8622
26,0.13724151580591418,0.3686656974489293,0.6004164234592222,0.7298935737929458,0.16552634730667412,0.3950108358617314,0.16542315774327862,0.4379201531820177,0.5878591137747364,0.719759505248333,7.990395209580838,6.930035928143712,116,116,41750,41750,8622,8622
27,0.13705262812722824,0.36940141800484205,0.6002369556933072,0.7304815743938718,0.1651580838336202,0.39581673833602915,0.16505445160207316,0.4385391585514566,0.5873325771387377,0.7203141481914964,7.990395209580838,6.933580838323353,116,116,41750,41750,8622,8622
28,0.13691816764024875,0.36995107055380216,0.5999799079263262,0.7309486164416261,0.16459820359409927,0.39641100694533593,0.16449389836300468,0.4390006422075366,0.5866278659668221,0.7206826135788313,7.990395209580838,6.937149700598803,116,116,41750,41750,8622,8622
29,0.13645704712553075,0.37041243098101073,0.59928856795631,0.7312395388318043,0.16382275449230285,0.3969614489139197,0.16371751713884033,0.43938212481713546,0.5854920789890639,0.7209568466806427,7.990395209580838,6.94208383233533,116,116,41750,41750,8622,8622
30,0.13586162929334536,0.3711342352870916,0.5985666907559393,0.7316638074645061,0.16277784431266212,0.3976827491771675,0.16267135093330615,0.4398605401826358,0.5840619497659677,0.7213105352261902,7.990395209580838,6.9455329341317364,116,116,41750,41750,8622,8622
