epoch,linear_text_proto_spearman,orthogonal_text_proto_spearman,linear_proto_gt_spearman,orthogonal_proto_gt_spearman,linear_text_gt_spearman,orthogonal_text_gt_spearman,valid_object_groups,skipped_object_groups_lt3,skipped_object_groups_undefined
0,0.4418701248132686,0.4418701248132686,0.3894118656660463,0.3894118656660463,0.5313878925919059,0.5313878925919059,13,3,0
1,0.48661484798608545,0.4717763284652916,0.4799158545814064,0.4607134602117879,0.5566412112398734,0.5313878925919059,13,3,0
2,0.5222944866757575,0.47317420745514394,0.5030368175017004,0.48204328739445795,0.5622781516594226,0.5314472926513061,13,3,0
3,0.5863635829354892,0.48701413308436714,0.5301921699078891,0.4991408671174558,0.5929905883083141,0.5314472926513061,13,3,0
4,0.6237421697287917,0.5155661461681528,0.5493253296765003,0.5004966469849413,0.5954109247587508,0.5313878925919059,13,3,0
5,0.6357590968794983,0.5205862217567903,0.5616190146290481,0.513662028712196,0.6087005570283163,0.5313878925919059,13,3,0
6,0.659606593051409,0.5313113150069673,0.5697446419018325,0.528081277997666,0.6115254581809766,0.5314472926513061,13,3,0
7,0.6572978559600633,0.5437083480561742,0.5633883840405579,0.5432384994257904,0.6120568439966434,0.5313878925919059,13,3,0
8,0.6551226237681088,0.5533235392767165,0.5602370436818598,0.5507037201853255,0.611831711330039,0.5314472926513061,13,3,0
9,0.6595423618834991,0.5563314656960142,0.5558280739718867,0.5576040842763251,0.6064098410252255,0.5314472926513061,13,3,0
10,0.6524070945475628,0.5526918951668115,0.5542085404125537,0.5658269560443474,0.5997743751924353,0.5314472926513061,13,3,0
11,0.6495931860480355,0.5560873336793068,0.556181595228418,0.5683517535524225,0.5931133120096331,0.5313878925919059,13,3,0
12,0.650712729976944,0.555641532230161,0.5552475718863679,0.5717192378563616,0.5861970940566258,0.5313878925919059,13,3,0
13,0.6362836694776495,0.5638676819278826,0.5529025901935601,0.5705130440080273,0.5890907745422796,0.5313878925919059,13,3,0
14,0.6337073740083774,0.583747858246186,0.5534070798284845,0.5644111771202073,0.585590433249296,0.5313878925919059,13,3,0
15,0.6310754771457113,0.5791965040292799,0.5423512625853764,0.5667986153772107,0.5833657092854417,0.5313878925919059,13,3,0
16,0.6308136250443942,0.5782622135464945,0.537983154872787,0.5616699256331363,0.5762376600169241,0.5313878925919059,13,3,0
17,0.6269778407738273,0.5713294810284777,0.5329143227136538,0.561085469112225,0.570928046011658,0.5313878925919059,13,3,0
18,0.6324699081388043,0.5715545534943529,0.5299504782782374,0.5630802736990028,0.5682067352635914,0.5313878925919059,13,3,0
19,0.6339133432778917,0.5722735804675604,0.5257247814104001,0.5605889018932497,0.5589677978473966,0.5313878925919059,13,3,0
20,0.6339318128615788,0.5680601698160227,0.5190615743291329,0.5636027287365081,0.5618976529511646,0.5313878925919059,13,3,0
21,0.6349906925157762,0.5655722941676118,0.5173862346939269,0.5595219320135707,0.5544994483957695,0.5313878925919059,13,3,0
22,0.6371270892173903,0.5599270814153756,0.5135259532416723,0.5644770577880945,0.5492314624421648,0.5313878925919059,13,3,0
23,0.6400161462870493,0.5568836139906373,0.5132208890570095,0.5621465709258353,0.5424476860931711,0.5313878925919059,13,3,0
24,0.6473019643588205,0.5539615255334319,0.5128199687564237,0.5592644113547125,0.5428272095496176,0.5313878925919059,13,3,0
25,0.653852434287217,0.5496721746721747,0.5133784900507309,0.5545389746894763,0.5403584920307328,0.5313878925919059,13,3,0
26,0.6524673961128811,0.548825943558385,0.5116928312580487,0.5571006662143786,0.5364404750692375,0.5313878925919059,13,3,0
27,0.6586758965521509,0.5501397943705636,0.5141734226182387,0.5556753966452963,0.5331641346691514,0.5313878925919059,13,3,0
28,0.6628029725855812,0.5516447644374065,0.5123464057410547,0.5594777770363054,0.5343856496030409,0.5313878925919059,13,3,0
29,0.6735925363015665,0.5522008024516386,0.5124956410909589,0.5593443391102254,0.5247124361672856,0.5313878925919059,13,3,0
30,0.6773736605676406,0.5518885111694476,0.5111242842848195,0.5592071175683216,0.5249362421603224,0.5313878925919059,13,3,0
