epoch,object,num_parts,num_pairs,part_ids,linear_text_proto_spearman,linear_proto_gt_spearman,linear_text_gt_spearman,orthogonal_text_proto_spearman,orthogonal_proto_gt_spearman,orthogonal_text_gt_spearman
0,aeroplane,6,15,0 1 2 3 4 5,0.15714285714285714,0.18571428571428572,-0.2714285714285714,0.15714285714285714,0.18571428571428572,-0.2714285714285714
0,bicycle,5,10,6 7 8 9 10,0.5272727272727272,0.5151515151515151,0.7454545454545455,0.5272727272727272,0.5151515151515151,0.7454545454545455
0,bird,9,36,11 12 13 14 15 16 17 18 19,0.39510939510939513,0.5606177606177606,0.5521235521235521,0.39510939510939513,0.5606177606177606,0.5521235521235521
0,bus,10,45,22 23 24 25 26 27 28 29 30 31,0.2971014492753623,0.22964426877470356,0.7839262187088274,0.2971014492753623,0.22964426877470356,0.7839262187088274
0,car,10,45,32 33 34 35 36 37 38 39 40 41,0.4923583662714098,0.5702239789196311,0.5766798418972332,0.4923583662714098,0.5702239789196311,0.5766798418972332
0,cat,9,36,42 43 44 45 46 47 48 49 50,0.5629343629343629,0.6115830115830115,0.6048906048906049,0.5629343629343629,0.6115830115830115,0.6048906048906049
0,cow,9,36,51 52 53 54 55 56 57 58 59,0.46074646074646075,0.33204633204633205,0.5629343629343629,0.46074646074646075,0.33204633204633205,0.5629343629343629
0,dog,10,45,60 61 62 63 64 65 66 67 68 69,0.6181818181818182,0.6732542819499341,0.5686429512516469,0.6181818181818182,0.6732542819499341,0.5686429512516469
0,horse,9,36,70 71 72 73 74 75 76 77 78,0.3842985842985843,0.35572715572715574,0.6875160875160875,0.3842985842985843,0.35572715572715574,0.6875160875160875
0,motorbike,4,6,79 80 81 82,0.42857142857142855,0.08571428571428572,0.2,0.42857142857142855,0.08571428571428572,0.2
0,person,14,91,83 84 85 86 87 88 89 90 91 92 93 94 95 96,0.626771778945692,0.6422678770504857,0.8979933110367893,0.626771778945692,0.6422678770504857,0.8979933110367893
0,sheep,9,36,99 100 101 102 103 104 105 106 107,0.7366795366795367,0.18352638352638354,0.36164736164736166,0.7366795366795367,0.18352638352638354,0.36164736164736166
0,train,7,21,108 109 110 111 112 113 114,0.05714285714285714,0.11688311688311688,0.6376623376623377,0.05714285714285714,0.11688311688311688,0.6376623376623377
1,aeroplane,6,15,0 1 2 3 4 5,0.06428571428571428,0.3392857142857143,-0.20357142857142857,0.10714285714285714,0.32142857142857145,-0.2714285714285714
1,bicycle,5,10,6 7 8 9 10,0.4666666666666667,0.4303030303030303,0.7696969696969697,0.5272727272727272,0.5151515151515151,0.7454545454545455
1,bird,9,36,11 12 13 14 15 16 17 18 19,0.5464607464607465,0.6548262548262548,0.6072072072072072,0.4563706563706564,0.645045045045045,0.5521235521235521
1,bus,10,45,22 23 24 25 26 27 28 29 30 31,0.39235836627140974,0.34479578392621874,0.7548089591567853,0.31831357048748354,0.2798418972332016,0.7839262187088274
1,car,10,45,32 33 34 35 36 37 38 39 40 41,0.5500658761528326,0.6619235836627141,0.5768115942028985,0.5204216073781291,0.6226613965744401,0.5766798418972332
1,cat,9,36,42 43 44 45 46 47 48 49 50,0.8167310167310168,0.835006435006435,0.6836550836550837,0.6810810810810811,0.7611325611325611,0.6048906048906049
1,cow,9,36,51 52 53 54 55 56 57 58 59,0.49163449163449163,0.3256113256113256,0.5848133848133849,0.461003861003861,0.3122265122265122,0.5629343629343629
1,dog,10,45,60 61 62 63 64 65 66 67 68 69,0.6882740447957839,0.7118577075098814,0.6225296442687747,0.6243741765480896,0.6938076416337285,0.5686429512516469
1,horse,9,36,70 71 72 73 74 75 76 77 78,0.37606177606177604,0.33513513513513515,0.7027027027027027,0.3987129987129987,0.35083655083655085,0.6875160875160875
1,motorbike,4,6,79 80 81 82,0.4857142857142857,0.5428571428571428,0.2,0.6,0.4857142857142857,0.2
1,person,14,91,83 84 85 86 87 88 89 90 91 92 93 94 95 96,0.6394330307373786,0.6705367096671444,0.896942188246536,0.6325370281892021,0.6568402611880872,0.8979933110367893
1,sheep,9,36,99 100 101 102 103 104 105 106 107,0.6576576576576577,0.22702702702702704,0.4043758043758044,0.7266409266409266,0.20952380952380953,0.36164736164736166
1,train,7,21,108 109 110 111 112 113 114,0.15064935064935064,0.15974025974025974,0.6363636363636364,0.07922077922077922,0.13506493506493505,0.6376623376623377
2,aeroplane,6,15,0 1 2 3 4 5,0.10714285714285714,0.325,-0.20357142857142857,0.10714285714285714,0.35714285714285715,-0.2714285714285714
2,bicycle,5,10,6 7 8 9 10,0.5757575757575758,0.40606060606060607,0.7333333333333333,0.5393939393939394,0.503030303030303,0.7454545454545455
2,bird,9,36,11 12 13 14 15 16 17 18 19,0.5891891891891892,0.6548262548262548,0.6522522522522523,0.5096525096525096,0.6465894465894466,0.5521235521235521
2,bus,10,45,22 23 24 25 26 27 28 29 30 31,0.466403162055336,0.4179183135704875,0.7441370223978919,0.3393939393939394,0.3144927536231884,0.7839262187088274
2,car,10,45,32 33 34 35 36 37 38 39 40 41,0.5894598155467721,0.6938076416337285,0.586429512516469,0.5270092226613966,0.6682476943346508,0.5766798418972332
2,cat,9,36,42 43 44 45 46 47 48 49 50,0.78996138996139,0.8275418275418276,0.693951093951094,0.7577863577863578,0.8489060489060489,0.6048906048906049
2,cow,9,36,51 52 53 54 55 56 57 58 59,0.5214929214929215,0.42908622908622907,0.5889317889317889,0.47902187902187904,0.3261261261261261,0.5629343629343629
2,dog,10,45,60 61 62 63 64 65 66 67 68 69,0.7175230566534915,0.7094861660079052,0.6654808959156785,0.6276679841897234,0.6996047430830039,0.5686429512516469
2,horse,9,36,70 71 72 73 74 75 76 77 78,0.35572715572715574,0.34594594594594597,0.7057915057915058,0.38507078507078507,0.3436293436293436,0.6882882882882883
2,motorbike,4,6,79 80 81 82,0.6,0.6571428571428571,0.2,0.4857142857142857,0.5428571428571428,0.2
2,person,14,91,83 84 85 86 87 88 89 90 91 92 93 94 95 96,0.6791368052237617,0.6932314062748846,0.8967351489090619,0.6427615862398471,0.664994425863991,0.8979933110367893
2,sheep,9,36,99 100 101 102 103 104 105 106 107,0.6733590733590734,0.23397683397683397,0.4097812097812098,0.6571428571428571,0.1963963963963964,0.36164736164736166
2,train,7,21,108 109 110 111 112 113 114,0.12467532467532468,0.14545454545454545,0.6363636363636364,0.09350649350649351,0.15454545454545454,0.6376623376623377
3,aeroplane,6,15,0 1 2 3 4 5,0.20357142857142857,0.33214285714285713,-0.15714285714285714,0.16071428571428573,0.4107142857142857,-0.2714285714285714
3,bicycle,5,10,6 7 8 9 10,0.6363636363636364,0.44242424242424244,0.7575757575757576,0.45454545454545453,0.4303030303030303,0.7454545454545455
3,bird,9,36,11 12 13 14 15 16 17 18 19,0.6311454311454311,0.6316602316602317,0.6715572715572715,0.5356499356499357,0.6285714285714286,0.5521235521235521
3,bus,10,45,22 23 24 25 26 27 28 29 30 31,0.52832674571805,0.48866930171277995,0.7422924901185771,0.39802371541501974,0.37470355731225297,0.7839262187088274
3,car,10,45,32 33 34 35 36 37 38 39 40 41,0.6338603425559948,0.7272727272727273,0.5931488801054019,0.5403162055335968,0.6700922266139657,0.5766798418972332
3,cat,9,36,42 43 44 45 46 47 48 49 50,0.7776061776061776,0.828056628056628,0.7032175032175032,0.7598455598455598,0.851994851994852,0.6048906048906049
3,cow,9,36,51 52 53 54 55 56 57 58 59,0.5232947232947233,0.46357786357786357,0.57992277992278,0.5001287001287001,0.4,0.5629343629343629
3,dog,10,45,60 61 62 63 64 65 66 67 68 69,0.7500658761528327,0.7220026350461133,0.6832674571805006,0.6399209486166008,0.7051383399209487,0.5686429512516469
3,horse,9,36,70 71 72 73 74 75 76 77 78,0.44247104247104246,0.4568854568854569,0.7001287001287001,0.3788931788931789,0.34594594594594597,0.6882882882882883
3,motorbike,4,6,79 80 81 82,0.8285714285714286,0.6571428571428571,0.4857142857142857,0.6,0.6571428571428571,0.2
3,person,14,91,83 84 85 86 87 88 89 90 91 92 93 94 95 96,0.7260551043159739,0.718537983755375,0.8916547220895047,0.6590858416945373,0.6781653129479216,0.8979933110367893
3,sheep,9,36,99 100 101 102 103 104 105 106 107,0.7608751608751608,0.2604890604890605,0.41338481338481337,0.6105534105534105,0.2048906048906049,0.36164736164736166
3,train,7,21,108 109 110 111 112 113 114,0.18051948051948052,0.16363636363636364,0.6441558441558441,0.09350649350649351,0.13116883116883116,0.6376623376623377
4,aeroplane,6,15,0 1 2 3 4 5,0.35,0.3107142857142857,-0.08214285714285714,0.3357142857142857,0.38571428571428573,-0.2714285714285714
4,bicycle,5,10,6 7 8 9 10,0.6727272727272727,0.45454545454545453,0.7575757575757576,0.5151515151515151,0.38181818181818183,0.7454545454545455
4,bird,9,36,11 12 13 14 15 16 17 18 19,0.6293436293436293,0.632947232947233,0.6674388674388675,0.5711711711711712,0.6265122265122265,0.5521235521235521
4,bus,10,45,22 23 24 25 26 27 28 29 30 31,0.5706192358366271,0.5204216073781291,0.7499341238471673,0.41330698287220025,0.38405797101449274,0.7839262187088274
4,car,10,45,32 33 34 35 36 37 38 39 40 41,0.6812911725955204,0.7242424242424242,0.6138339920948617,0.5466403162055335,0.6852437417654809,0.5766798418972332
4,cat,9,36,42 43 44 45 46 47 48 49 50,0.7631917631917632,0.8257400257400257,0.6906048906048906,0.7480051480051481,0.8483912483912484,0.6048906048906049
4,cow,9,36,51 52 53 54 55 56 57 58 59,0.5855855855855856,0.5544401544401545,0.5855855855855856,0.5006435006435006,0.42676962676962676,0.5629343629343629
4,dog,10,45,60 61 62 63 64 65 66 67 68 69,0.7469038208168644,0.7001317523056654,0.6797101449275362,0.6492753623188405,0.7177865612648221,0.5686429512516469
4,horse,9,36,70 71 72 73 74 75 76 77 78,0.5024453024453025,0.5425997425997426,0.6916344916344916,0.40746460746460744,0.3577863577863578,0.6875160875160875
4,motorbike,4,6,79 80 81 82,0.8285714285714286,0.6571428571428571,0.4857142857142857,0.6,0.6571428571428571,0.2
4,person,14,91,83 84 85 86 87 88 89 90 91 92 93 94 95 96,0.7541009714922758,0.7341455645803472,0.8859213250517598,0.6658703615225354,0.6819397993311037,0.8979933110367893
4,sheep,9,36,99 100 101 102 103 104 105 106 107,0.803088803088803,0.31402831402831405,0.4015444015444015,0.6257400257400257,0.22342342342342342,0.36164736164736166
4,train,7,21,108 109 110 111 112 113 114,0.22077922077922077,0.17012987012987013,0.612987012987013,0.12337662337662338,0.12987012987012986,0.6376623376623377
5,aeroplane,6,15,0 1 2 3 4 5,0.43214285714285716,0.32142857142857145,0.06428571428571428,0.2785714285714286,0.4142857142857143,-0.2714285714285714
5,bicycle,5,10,6 7 8 9 10,0.5151515151515151,0.34545454545454546,0.793939393939394,0.5151515151515151,0.38181818181818183,0.7454545454545455
5,bird,9,36,11 12 13 14 15 16 17 18 19,0.6543114543114543,0.679021879021879,0.6545688545688546,0.5837837837837838,0.6414414414414414,0.5521235521235521
5,bus,10,45,22 23 24 25 26 27 28 29 30 31,0.6208168642951252,0.5700922266139657,0.7619235836627141,0.42924901185770753,0.4119894598155468,0.7839262187088274
5,car,10,45,32 33 34 35 36 37 38 39 40 41,0.7133069828722003,0.7287220026350462,0.635836627140975,0.5525691699604743,0.6942028985507246,0.5766798418972332
5,cat,9,36,42 43 44 45 46 47 48 49 50,0.7791505791505792,0.8182754182754183,0.7114543114543115,0.7405405405405405,0.8375804375804375,0.6048906048906049
5,cow,9,36,51 52 53 54 55 56 57 58 59,0.6221364221364222,0.6136422136422136,0.5768339768339769,0.4996138996138996,0.4486486486486487,0.5629343629343629
5,dog,10,45,60 61 62 63 64 65 66 67 68 69,0.7557312252964427,0.6977602108036891,0.6949934123847167,0.6530961791831357,0.7259552042160737,0.5686429512516469
5,horse,9,36,70 71 72 73 74 75 76 77 78,0.520978120978121,0.5773487773487773,0.6728442728442728,0.4398970398970399,0.398970398970399,0.6875160875160875
5,motorbike,4,6,79 80 81 82,0.8285714285714286,0.6571428571428571,0.4857142857142857,0.6,0.6571428571428571,0.2
5,person,14,91,83 84 85 86 87 88 89 90 91 92 93 94 95 96,0.7741678611243829,0.7442586399108139,0.8783564261825131,0.673100812231247,0.6863035515209428,0.8979933110367893
5,sheep,9,36,99 100 101 102 103 104 105 106 107,0.8185328185328186,0.3595881595881596,0.36936936936936937,0.6604890604890605,0.251994851994852,0.36164736164736166
5,train,7,21,108 109 110 111 112 113 114,0.22987012987012986,0.18831168831168832,0.612987012987013,0.14155844155844155,0.12727272727272726,0.6376623376623377
6,aeroplane,6,15,0 1 2 3 4 5,0.5,0.30357142857142855,0.12142857142857143,0.28214285714285714,0.3964285714285714,-0.2714285714285714
6,bicycle,5,10,6 7 8 9 10,0.5757575757575758,0.3696969696969697,0.793939393939394,0.503030303030303,0.40606060606060607,0.7454545454545455
6,bird,9,36,11 12 13 14 15 16 17 18 19,0.6656370656370656,0.6864864864864865,0.6185328185328185,0.5876447876447877,0.6514800514800515,0.5521235521235521
6,bus,10,45,22 23 24 25 26 27 28 29 30 31,0.6320158102766799,0.5852437417654809,0.7657444005270092,0.4635046113306983,0.4600790513833992,0.7839262187088274
6,car,10,45,32 33 34 35 36 37 38 39 40 41,0.7295125164690383,0.7254281949934124,0.6395256916996047,0.575098814229249,0.707905138339921,0.5766798418972332
6,cat,9,36,42 43 44 45 46 47 48 49 50,0.7824967824967825,0.8182754182754183,0.7075933075933076,0.7415701415701416,0.8404118404118404,0.6048906048906049
6,cow,9,36,51 52 53 54 55 56 57 58 59,0.6275418275418275,0.654054054054054,0.555984555984556,0.5078507078507078,0.47361647361647363,0.5629343629343629
6,dog,10,45,60 61 62 63 64 65 66 67 68 69,0.7819499341238472,0.6906455862977602,0.7147562582345192,0.6587615283267457,0.7135704874835309,0.5686429512516469
6,horse,9,36,70 71 72 73 74 75 76 77 78,0.5204633204633204,0.6066924066924066,0.6396396396396397,0.47824967824967823,0.4749034749034749,0.6882882882882883
6,motorbike,4,6,79 80 81 82,0.9428571428571428,0.6571428571428571,0.6,0.6,0.6571428571428571,0.2
6,person,14,91,83 84 85 86 87 88 89 90 91 92 93 94 95 96,0.7819397993311037,0.7474916387959866,0.8685140946010511,0.6770186335403726,0.6894250676859373,0.8979933110367893
6,sheep,9,36,99 100 101 102 103 104 105 106 107,0.81003861003861,0.3853281853281853,0.3124839124839125,0.6893178893178893,0.25637065637065637,0.36164736164736166
6,train,7,21,108 109 110 111 112 113 114,0.22467532467532467,0.17662337662337663,0.6116883116883117,0.14285714285714285,0.13766233766233765,0.6376623376623377
7,aeroplane,6,15,0 1 2 3 4 5,0.5714285714285714,0.24642857142857144,0.15,0.3142857142857143,0.37142857142857144,-0.2714285714285714
7,bicycle,5,10,6 7 8 9 10,0.5757575757575758,0.3696969696969697,0.793939393939394,0.5393939393939394,0.44242424242424244,0.7454545454545455
7,bird,9,36,11 12 13 14 15 16 17 18 19,0.6550836550836551,0.6926640926640927,0.5894465894465895,0.5961389961389961,0.6445302445302445,0.5521235521235521
7,bus,10,45,22 23 24 25 26 27 28 29 30 31,0.6569169960474308,0.6159420289855072,0.7661396574440053,0.4736495388669302,0.48998682476943345,0.7839262187088274
7,car,10,45,32 33 34 35 36 37 38 39 40 41,0.7291172595520422,0.7185770750988142,0.6342555994729908,0.5893280632411068,0.7296442687747036,0.5766798418972332
7,cat,9,36,42 43 44 45 46 47 48 49 50,0.790990990990991,0.8072072072072072,0.7444015444015444,0.7320463320463321,0.8301158301158301,0.6048906048906049
7,cow,9,36,51 52 53 54 55 56 57 58 59,0.6447876447876448,0.6643500643500644,0.5539253539253539,0.5503217503217503,0.5418275418275418,0.5629343629343629
7,dog,10,45,60 61 62 63 64 65 66 67 68 69,0.7762845849802371,0.6806324110671936,0.7189723320158102,0.6527009222661396,0.7127799736495388,0.5686429512516469
7,horse,9,36,70 71 72 73 74 75 76 77 78,0.49214929214929215,0.6262548262548262,0.616988416988417,0.4913770913770914,0.5176319176319176,0.6875160875160875
7,motorbike,4,6,79 80 81 82,0.8285714285714286,0.6,0.6,0.6,0.6571428571428571,0.2
7,person,14,91,83 84 85 86 87 88 89 90 91 92 93 94 95 96,0.7898072941551202,0.7515527950310559,0.8607421563943303,0.6838509316770186,0.6951743908265647,0.8979933110367893
7,sheep,9,36,99 100 101 102 103 104 105 106 107,0.8054054054054054,0.38970398970398973,0.2993564993564994,0.6944658944658945,0.27876447876447874,0.36164736164736166
7,train,7,21,108 109 110 111 112 113 114,0.22857142857142856,0.16103896103896104,0.6285714285714286,0.15064935064935064,0.15064935064935064,0.6376623376623377
8,aeroplane,6,15,0 1 2 3 4 5,0.5821428571428572,0.25,0.15,0.35714285714285715,0.3892857142857143,-0.2714285714285714
8,bicycle,5,10,6 7 8 9 10,0.5878787878787879,0.41818181818181815,0.8181818181818182,0.5393939393939394,0.34545454545454546,0.7454545454545455
8,bird,9,36,11 12 13 14 15 16 17 18 19,0.6589446589446589,0.6934362934362934,0.5608751608751609,0.6136422136422136,0.6697554697554697,0.5521235521235521
8,bus,10,45,22 23 24 25 26 27 28 29 30 31,0.6760210803689064,0.6194993412384717,0.7735177865612648,0.47444005270092227,0.4924901185770751,0.7839262187088274
8,car,10,45,32 33 34 35 36 37 38 39 40 41,0.7191040843214757,0.7051383399209487,0.6408432147562583,0.5963109354413703,0.7546772068511199,0.5766798418972332
8,cat,9,36,42 43 44 45 46 47 48 49 50,0.7845559845559845,0.8095238095238095,0.745945945945946,0.7261261261261261,0.8314028314028314,0.6048906048906049
8,cow,9,36,51 52 53 54 55 56 57 58 59,0.6241956241956242,0.6712998712998713,0.5425997425997426,0.5402831402831403,0.5657657657657658,0.5629343629343629
8,dog,10,45,60 61 62 63 64 65 66 67 68 69,0.7857707509881423,0.6737812911725956,0.7254281949934124,0.6412384716732543,0.7088274044795784,0.5686429512516469
8,horse,9,36,70 71 72 73 74 75 76 77 78,0.5145431145431145,0.6375804375804376,0.6162162162162163,0.5261261261261261,0.5763191763191763,0.6882882882882883
8,motorbike,4,6,79 80 81 82,0.7714285714285715,0.4857142857142857,0.6,0.6,0.6571428571428571,0.2
8,person,14,91,83 84 85 86 87 88 89 90 91 92 93 94 95 96,0.8023092849179806,0.7573021181716834,0.8514572384137602,0.6944258639910814,0.7022615066093327,0.8979933110367893
8,sheep,9,36,99 100 101 102 103 104 105 106 107,0.7902187902187903,0.42136422136422136,0.29498069498069496,0.723037323037323,0.30862290862290864,0.36164736164736166
8,train,7,21,108 109 110 111 112 113 114,0.21948051948051947,0.14025974025974025,0.6337662337662338,0.16103896103896104,0.15714285714285714,0.6376623376623377
9,aeroplane,6,15,0 1 2 3 4 5,0.6142857142857143,0.225,0.15,0.35714285714285715,0.3892857142857143,-0.2714285714285714
9,bicycle,5,10,6 7 8 9 10,0.5272727272727272,0.41818181818181815,0.7575757575757576,0.5515151515151515,0.3212121212121212,0.7454545454545455
9,bird,9,36,11 12 13 14 15 16 17 18 19,0.6728442728442728,0.6864864864864865,0.5508365508365508,0.6344916344916345,0.694980694980695,0.5521235521235521
9,bus,10,45,22 23 24 25 26 27 28 29 30 31,0.6685111989459815,0.6127799736495388,0.7743083003952569,0.47378129117259554,0.49881422924901186,0.7839262187088274
9,car,10,45,32 33 34 35 36 37 38 39 40 41,0.71699604743083,0.6820816864295125,0.6474308300395257,0.5984189723320158,0.7590250329380764,0.5766798418972332
9,cat,9,36,42 43 44 45 46 47 48 49 50,0.7927927927927928,0.8123552123552124,0.7642213642213642,0.7155727155727156,0.8303732303732304,0.6048906048906049
9,cow,9,36,51 52 53 54 55 56 57 58 59,0.5994851994851995,0.6803088803088803,0.533075933075933,0.5675675675675675,0.6054054054054054,0.5629343629343629
9,dog,10,45,60 61 62 63 64 65 66 67 68 69,0.7994729907773386,0.6714097496706193,0.7246376811594203,0.6368906455862977,0.7075098814229249,0.5686429512516469
9,horse,9,36,70 71 72 73 74 75 76 77 78,0.5245817245817246,0.6473616473616474,0.6005148005148006,0.5142857142857142,0.5752895752895753,0.6882882882882883
9,motorbike,4,6,79 80 81 82,0.8285714285714286,0.42857142857142855,0.6,0.6,0.6571428571428571,0.2
9,person,14,91,83 84 85 86 87 88 89 90 91 92 93 94 95 96,0.8128682911291607,0.7566650740563784,0.8459308807134894,0.6970218187609492,0.704666348144609,0.8979933110367893
9,sheep,9,36,99 100 101 102 103 104 105 106 107,0.7709137709137709,0.41235521235521233,0.28674388674388673,0.7245817245817245,0.348005148005148,0.36164736164736166
9,train,7,21,108 109 110 111 112 113 114,0.24545454545454545,0.19220779220779222,0.6480519480519481,0.16103896103896104,0.15714285714285714,0.6376623376623377
10,aeroplane,6,15,0 1 2 3 4 5,0.5571428571428572,0.14642857142857144,0.15,0.35714285714285715,0.3892857142857143,-0.2714285714285714
10,bicycle,5,10,6 7 8 9 10,0.5272727272727272,0.41818181818181815,0.7575757575757576,0.5393939393939394,0.34545454545454546,0.7454545454545455
10,bird,9,36,11 12 13 14 15 16 17 18 19,0.6553410553410554,0.6808236808236808,0.4983268983268983,0.6527670527670527,0.7132561132561133,0.5521235521235521
10,bus,10,45,22 23 24 25 26 27 28 29 30 31,0.6895915678524375,0.6163372859025033,0.7681159420289855,0.47009222661396577,0.51133069828722,0.7839262187088274
10,car,10,45,32 33 34 35 36 37 38 39 40 41,0.7076416337285902,0.6677206851119895,0.6565217391304348,0.5989459815546772,0.777733860342556,0.5766798418972332
10,cat,9,36,42 43 44 45 46 47 48 49 50,0.8038610038610039,0.8072072072072072,0.7716859716859716,0.6916344916344916,0.8172458172458172,0.6048906048906049
10,cow,9,36,51 52 53 54 55 56 57 58 59,0.5621621621621622,0.6813384813384813,0.5070785070785071,0.541055341055341,0.6275418275418275,0.5629343629343629
10,dog,10,45,60 61 62 63 64 65 66 67 68 69,0.8151515151515152,0.6687747035573123,0.7227931488801054,0.6397891963109354,0.7036890645586298,0.5686429512516469
10,horse,9,36,70 71 72 73 74 75 76 77 78,0.5356499356499357,0.6741312741312742,0.6054054054054054,0.5266409266409267,0.5994851994851995,0.6882882882882883
10,motorbike,4,6,79 80 81 82,0.8285714285714286,0.42857142857142855,0.6,0.6,0.6571428571428571,0.2
10,person,14,91,83 84 85 86 87 88 89 90 91 92 93 94 95 96,0.8185857620640229,0.7549291288421723,0.8435578913839783,0.7070552635770027,0.7149068322981367,0.8979933110367893
10,sheep,9,36,99 100 101 102 103 104 105 106 107,0.7361647361647362,0.4563706563706564,0.26795366795366793,0.7189189189189189,0.34543114543114545,0.36164736164736166
10,train,7,21,108 109 110 111 112 113 114,0.24415584415584415,0.2038961038961039,0.6480519480519481,0.14155844155844155,0.15324675324675324,0.6376623376623377
11,aeroplane,6,15,0 1 2 3 4 5,0.5571428571428572,0.14642857142857144,0.15,0.35714285714285715,0.3892857142857143,-0.2714285714285714
11,bicycle,5,10,6 7 8 9 10,0.4303030303030303,0.41818181818181815,0.7090909090909091,0.5393939393939394,0.34545454545454546,0.7454545454545455
11,bird,9,36,11 12 13 14 15 16 17 18 19,0.6537966537966537,0.6604890604890605,0.4833976833976834,0.645045045045045,0.7109395109395109,0.5521235521235521
11,bus,10,45,22 23 24 25 26 27 28 29 30 31,0.6880105401844532,0.6063241106719368,0.7729907773386034,0.49552042160737814,0.5313570487483531,0.7839262187088274
11,car,10,45,32 33 34 35 36 37 38 39 40 41,0.7048748353096179,0.6636363636363637,0.6541501976284585,0.5949934123847167,0.775494071146245,0.5766798418972332
11,cat,9,36,42 43 44 45 46 47 48 49 50,0.8079794079794079,0.8079794079794079,0.7716859716859716,0.6944658944658945,0.8136422136422137,0.6048906048906049
11,cow,9,36,51 52 53 54 55 56 57 58 59,0.5495495495495496,0.6952380952380952,0.5065637065637065,0.548005148005148,0.6386100386100386,0.5629343629343629
11,dog,10,45,60 61 62 63 64 65 66 67 68 69,0.830171277997365,0.6635046113306983,0.7276679841897233,0.6357048748353096,0.6988142292490118,0.5686429512516469
11,horse,9,36,70 71 72 73 74 75 76 77 78,0.5305019305019305,0.6777348777348777,0.6038610038610038,0.5508365508365508,0.6198198198198198,0.6875160875160875
11,motorbike,4,6,79 80 81 82,0.8285714285714286,0.42857142857142855,0.6,0.6,0.6571428571428571,0.2
11,person,14,91,83 84 85 86 87 88 89 90 91 92 93 94 95 96,0.8332377767160376,0.7627169931517758,0.8379678292721771,0.7011148272017838,0.7075330466634815,0.8979933110367893
11,sheep,9,36,99 100 101 102 103 104 105 106 107,0.6942084942084942,0.4489060489060489,0.24504504504504504,0.7253539253539254,0.34723294723294723,0.36164736164736166
11,train,7,21,108 109 110 111 112 113 114,0.33636363636363636,0.2506493506493506,0.6480519480519481,0.14155844155844155,0.15324675324675324,0.6376623376623377
12,aeroplane,6,15,0 1 2 3 4 5,0.5571428571428572,0.14642857142857144,0.15,0.35714285714285715,0.3892857142857143,-0.2714285714285714
12,bicycle,5,10,6 7 8 9 10,0.3939393939393939,0.41818181818181815,0.6242424242424243,0.5393939393939394,0.34545454545454546,0.7454545454545455
12,bird,9,36,11 12 13 14 15 16 17 18 19,0.6751608751608752,0.6571428571428571,0.4785070785070785,0.6427284427284428,0.7083655083655084,0.5521235521235521
12,bus,10,45,22 23 24 25 26 27 28 29 30 31,0.6816864295125165,0.5823451910408433,0.7761528326745718,0.5094861660079051,0.5436100131752306,0.7839262187088274
12,car,10,45,32 33 34 35 36 37 38 39 40 41,0.6882740447957839,0.6466403162055336,0.6525691699604743,0.5843214756258235,0.7795783926218709,0.5766798418972332
12,cat,9,36,42 43 44 45 46 47 48 49 50,0.8193050193050193,0.8105534105534106,0.7827541827541827,0.6936936936936937,0.819047619047619,0.6048906048906049
12,cow,9,36,51 52 53 54 55 56 57 58 59,0.5325611325611326,0.6864864864864865,0.5060489060489061,0.548005148005148,0.6396396396396397,0.5629343629343629
12,dog,10,45,60 61 62 63 64 65 66 67 68 69,0.8401844532279314,0.6537549407114625,0.7318840579710145,0.6304347826086957,0.6961791831357049,0.5686429512516469
12,horse,9,36,70 71 72 73 74 75 76 77 78,0.5698841698841699,0.6990990990990991,0.6041184041184041,0.557014157014157,0.6432432432432432,0.6875160875160875
12,motorbike,4,6,79 80 81 82,0.8285714285714286,0.42857142857142855,0.6,0.6,0.6571428571428571,0.2
12,person,14,91,83 84 85 86 87 88 89 90 91 92 93 94 95 96,0.8478101608536391,0.7663162924032489,0.8348303870043,0.7050645007166746,0.7101130753304666,0.8979933110367893
12,sheep,9,36,99 100 101 102 103 104 105 106 107,0.677992277992278,0.4460746460746461,0.2314028314028314,0.7196911196911197,0.35263835263835264,0.36164736164736166
12,train,7,21,108 109 110 111 112 113 114,0.34675324675324676,0.2766233766233766,0.6480519480519481,0.13636363636363635,0.14805194805194805,0.6376623376623377
13,aeroplane,6,15,0 1 2 3 4 5,0.5392857142857143,0.12142857142857143,0.15,0.37142857142857144,0.31785714285714284,-0.2714285714285714
13,bicycle,5,10,6 7 8 9 10,0.3212121212121212,0.41818181818181815,0.5878787878787879,0.5393939393939394,0.34545454545454546,0.7454545454545455
13,bird,9,36,11 12 13 14 15 16 17 18 19,0.667953667953668,0.6404118404118404,0.4543114543114543,0.6424710424710425,0.7093951093951094,0.5521235521235521
13,bus,10,45,22 23 24 25 26 27 28 29 30 31,0.6840579710144927,0.5648221343873517,0.7758893280632411,0.5138339920948617,0.5546772068511199,0.7839262187088274
13,car,10,45,32 33 34 35 36 37 38 39 40 41,0.6808959156785244,0.6255599472990777,0.6595520421607378,0.5923583662714097,0.7848484848484848,0.5766798418972332
13,cat,9,36,42 43 44 45 46 47 48 49 50,0.8128700128700128,0.8038610038610039,0.7845559845559845,0.7009009009009008,0.8182754182754183,0.6048906048906049
13,cow,9,36,51 52 53 54 55 56 57 58 59,0.5397683397683398,0.6913770913770914,0.503989703989704,0.5495495495495496,0.6692406692406693,0.5629343629343629
13,dog,10,45,60 61 62 63 64 65 66 67 68 69,0.8445322793148881,0.6500658761528326,0.7270092226613966,0.6254281949934124,0.6923583662714098,0.5686429512516469
13,horse,9,36,70 71 72 73 74 75 76 77 78,0.5788931788931789,0.7163449163449164,0.6074646074646075,0.5657657657657658,0.6563706563706564,0.6875160875160875
13,motorbike,4,6,79 80 81 82,0.7142857142857143,0.42857142857142855,0.7142857142857143,0.6571428571428571,0.6,0.2
13,person,14,91,83 84 85 86 87 88 89 90 91 92 93 94 95 96,0.8578754578754578,0.7683866857779901,0.8378085682433508,0.7086160216594999,0.7154483197961459,0.8979933110367893
13,sheep,9,36,99 100 101 102 103 104 105 106 107,0.6651222651222651,0.4548262548262548,0.2164736164736165,0.7127413127413127,0.3696267696267696,0.36164736164736166
13,train,7,21,108 109 110 111 112 113 114,0.36493506493506495,0.3038961038961039,0.638961038961039,0.15064935064935064,0.18311688311688312,0.6376623376623377
14,aeroplane,6,15,0 1 2 3 4 5,0.5214285714285715,0.14285714285714285,0.15,0.3892857142857143,0.3142857142857143,-0.2714285714285714
14,bicycle,5,10,6 7 8 9 10,0.3212121212121212,0.41818181818181815,0.5878787878787879,0.6121212121212121,0.3696969696969697,0.7454545454545455
14,bird,9,36,11 12 13 14 15 16 17 18 19,0.6751608751608752,0.6167310167310167,0.42368082368082366,0.6471042471042471,0.7184041184041184,0.5521235521235521
14,bus,10,45,22 23 24 25 26 27 28 29 30 31,0.6743083003952569,0.5504611330698287,0.7778656126482213,0.5108036890645586,0.5649538866930172,0.7839262187088274
14,car,10,45,32 33 34 35 36 37 38 39 40 41,0.6833992094861661,0.6167325428194993,0.6653491436100132,0.5972332015810277,0.7841897233201581,0.5766798418972332
14,cat,9,36,42 43 44 45 46 47 48 49 50,0.8229086229086229,0.8018018018018018,0.7907335907335907,0.6916344916344916,0.8208494208494208,0.6048906048906049
14,cow,9,36,51 52 53 54 55 56 57 58 59,0.5294723294723295,0.7006435006435007,0.5168597168597169,0.5564993564993564,0.6723294723294724,0.5629343629343629
14,dog,10,45,60 61 62 63 64 65 66 67 68 69,0.8517786561264822,0.6529644268774704,0.7275362318840579,0.6191040843214757,0.6822134387351778,0.5686429512516469
14,horse,9,36,70 71 72 73 74 75 76 77 78,0.5554697554697555,0.7081081081081081,0.587902187902188,0.571943371943372,0.6751608751608752,0.6875160875160875
14,motorbike,4,6,79 80 81 82,0.7142857142857143,0.42857142857142855,0.7142857142857143,0.8285714285714286,0.4857142857142857,0.2
14,person,14,91,83 84 85 86 87 88 89 90 91 92 93 94 95 96,0.8735148909061953,0.7675585284280937,0.8370281892021022,0.7160535117056857,0.7208472686733556,0.8979933110367893
14,sheep,9,36,99 100 101 102 103 104 105 106 107,0.6360360360360361,0.477992277992278,0.1945945945945946,0.7081081081081081,0.3572715572715573,0.36164736164736166
14,train,7,21,108 109 110 111 112 113 114,0.37922077922077924,0.3116883116883117,0.638961038961039,0.14025974025974025,0.17142857142857143,0.6376623376623377
15,aeroplane,6,15,0 1 2 3 4 5,0.5178571428571429,0.06428571428571428,0.15,0.3535714285714286,0.325,-0.2714285714285714
15,bicycle,5,10,6 7 8 9 10,0.3090909090909091,0.3939393939393939,0.5878787878787879,0.6121212121212121,0.3696969696969697,0.7454545454545455
15,bird,9,36,11 12 13 14 15 16 17 18 19,0.6846846846846847,0.6164736164736164,0.41879021879021877,0.653024453024453,0.7196911196911197,0.5521235521235521
15,bus,10,45,22 23 24 25 26 27 28 29 30 31,0.6623188405797101,0.511725955204216,0.7661396574440053,0.500395256916996,0.5606060606060606,0.7839262187088274
15,car,10,45,32 33 34 35 36 37 38 39 40 41,0.6878787878787879,0.6241106719367588,0.6681159420289855,0.5815546772068512,0.7757575757575758,0.5766798418972332
15,cat,9,36,42 43 44 45 46 47 48 49 50,0.833976833976834,0.7987129987129987,0.7915057915057915,0.6885456885456885,0.8203346203346203,0.6048906048906049
15,cow,9,36,51 52 53 54 55 56 57 58 59,0.5235521235521235,0.6962676962676962,0.5142857142857142,0.5544401544401545,0.6846846846846847,0.5629343629343629
15,dog,10,45,60 61 62 63 64 65 66 67 68 69,0.861528326745718,0.6508563899868248,0.7318840579710145,0.614361001317523,0.6758893280632411,0.5686429512516469
15,horse,9,36,70 71 72 73 74 75 76 77 78,0.5541827541827542,0.7258687258687259,0.5902187902187902,0.5835263835263835,0.6888030888030888,0.6875160875160875
15,motorbike,4,6,79 80 81 82,0.7142857142857143,0.42857142857142855,0.7142857142857143,0.8285714285714286,0.4857142857142857,0.2
15,person,14,91,83 84 85 86 87 88 89 90 91 92 93 94 95 96,0.8810320114667941,0.7682433508520465,0.8409619366141106,0.7235706322662845,0.7264373307851568,0.8979933110367893
15,sheep,9,36,99 100 101 102 103 104 105 106 107,0.6190476190476191,0.4767052767052767,0.1915057915057915,0.7111969111969112,0.3799227799227799,0.36164736164736166
15,train,7,21,108 109 110 111 112 113 114,0.35454545454545455,0.2948051948051948,0.6181818181818182,0.12467532467532468,0.15584415584415584,0.6376623376623377
16,aeroplane,6,15,0 1 2 3 4 5,0.5178571428571429,0.06428571428571428,0.15,0.37857142857142856,0.25357142857142856,-0.2714285714285714
16,bicycle,5,10,6 7 8 9 10,0.28484848484848485,0.3939393939393939,0.5151515151515151,0.6121212121212121,0.3696969696969697,0.7454545454545455
16,bird,9,36,11 12 13 14 15 16 17 18 19,0.6936936936936937,0.6056628056628056,0.40566280566280566,0.6563706563706564,0.7207207207207207,0.5521235521235521
16,bus,10,45,22 23 24 25 26 27 28 29 30 31,0.6696969696969697,0.5057971014492754,0.7616600790513834,0.4910408432147563,0.5708827404479578,0.7839262187088274
16,car,10,45,32 33 34 35 36 37 38 39 40 41,0.6832674571805006,0.6148880105401845,0.6691699604743083,0.5695652173913044,0.7606060606060606,0.5766798418972332
16,cat,9,36,42 43 44 45 46 47 48 49 50,0.8357786357786358,0.7969111969111969,0.790990990990991,0.6797940797940798,0.8239382239382239,0.6048906048906049
16,cow,9,36,51 52 53 54 55 56 57 58 59,0.5299871299871299,0.7042471042471042,0.5096525096525096,0.5371943371943372,0.679021879021879,0.5629343629343629
16,dog,10,45,60 61 62 63 64 65 66 67 68 69,0.8642951251646904,0.6476943346508564,0.7296442687747036,0.6154150197628458,0.6714097496706193,0.5686429512516469
16,horse,9,36,70 71 72 73 74 75 76 77 78,0.549034749034749,0.7155727155727156,0.601029601029601,0.592020592020592,0.7001287001287001,0.6875160875160875
16,motorbike,4,6,79 80 81 82,0.7142857142857143,0.42857142857142855,0.7142857142857143,0.8285714285714286,0.4857142857142857,0.2
16,person,14,91,83 84 85 86 87 88 89 90 91 92 93 94 95 96,0.8881350533524447,0.7647077560121038,0.8416308329351807,0.731565535913362,0.733094441790094,0.8979933110367893
16,sheep,9,36,99 100 101 102 103 104 105 106 107,0.6190476190476191,0.4774774774774775,0.18532818532818532,0.6875160875160875,0.3783783783783784,0.36164736164736166
16,train,7,21,108 109 110 111 112 113 114,0.35064935064935066,0.274025974025974,0.6168831168831169,0.13766233766233765,0.15454545454545454,0.6376623376623377
17,aeroplane,6,15,0 1 2 3 4 5,0.425,0.007142857142857143,0.15,0.3142857142857143,0.22857142857142856,-0.2714285714285714
17,bicycle,5,10,6 7 8 9 10,0.296969696969697,0.3939393939393939,0.503030303030303,0.6121212121212121,0.3696969696969697,0.7454545454545455
17,bird,9,36,11 12 13 14 15 16 17 18 19,0.7096525096525097,0.5994851994851995,0.4015444015444015,0.651994851994852,0.715057915057915,0.5521235521235521
17,bus,10,45,22 23 24 25 26 27 28 29 30 31,0.680368906455863,0.5089591567852437,0.7586297760210804,0.48511198945981554,0.572463768115942,0.7839262187088274
17,car,10,45,32 33 34 35 36 37 38 39 40 41,0.6770750988142292,0.6080368906455863,0.6674571805006587,0.5735177865612648,0.7541501976284585,0.5766798418972332
17,cat,9,36,42 43 44 45 46 47 48 49 50,0.8406692406692406,0.7897039897039897,0.7956241956241956,0.6715572715572715,0.8182754182754183,0.6048906048906049
17,cow,9,36,51 52 53 54 55 56 57 58 59,0.5063063063063064,0.7096525096525097,0.5006435006435006,0.5274131274131274,0.6875160875160875,0.5629343629343629
17,dog,10,45,60 61 62 63 64 65 66 67 68 69,0.8826086956521739,0.6478260869565218,0.7162055335968379,0.6147562582345191,0.6704874835309618,0.5686429512516469
17,horse,9,36,70 71 72 73 74 75 76 77 78,0.5500643500643501,0.7266409266409266,0.5863577863577863,0.5963963963963964,0.7153153153153153,0.6875160875160875
17,motorbike,4,6,79 80 81 82,0.7142857142857143,0.42857142857142855,0.7142857142857143,0.8285714285714286,0.4857142857142857,0.2
17,person,14,91,83 84 85 86 87 88 89 90 91 92 93 94 95 96,0.8933110367892977,0.7574773053033923,0.8399745182353878,0.7353878006051919,0.737760789934703,0.8979933110367893
17,sheep,9,36,99 100 101 102 103 104 105 106 107,0.615958815958816,0.47902187902187904,0.17142857142857143,0.6785070785070785,0.38455598455598455,0.36164736164736166
17,train,7,21,108 109 110 111 112 113 114,0.35844155844155845,0.2714285714285714,0.6168831168831169,0.13766233766233765,0.15454545454545454,0.6376623376623377
18,aeroplane,6,15,0 1 2 3 4 5,0.425,0.007142857142857143,0.15,0.3,0.20357142857142857,-0.2714285714285714
18,bicycle,5,10,6 7 8 9 10,0.296969696969697,0.3939393939393939,0.503030303030303,0.6121212121212121,0.3696969696969697,0.7454545454545455
18,bird,9,36,11 12 13 14 15 16 17 18 19,0.7178893178893179,0.5863577863577863,0.3881595881595882,0.6514800514800515,0.7135135135135136,0.5521235521235521
18,bus,10,45,22 23 24 25 26 27 28 29 30 31,0.6905138339920949,0.5001317523056653,0.7581027667984189,0.49670619235836627,0.5870882740447958,0.7839262187088274
18,car,10,45,32 33 34 35 36 37 38 39 40 41,0.6743083003952569,0.6040843214756259,0.6645586297760211,0.5762845849802372,0.7635046113306982,0.5766798418972332
18,cat,9,36,42 43 44 45 46 47 48 49 50,0.8396396396396396,0.7922779922779922,0.7953667953667953,0.6715572715572715,0.8182754182754183,0.6048906048906049
18,cow,9,36,51 52 53 54 55 56 57 58 59,0.5158301158301158,0.6978120978120979,0.5088803088803089,0.5256113256113256,0.694980694980695,0.5629343629343629
18,dog,10,45,60 61 62 63 64 65 66 67 68 69,0.8938076416337286,0.6472990777338603,0.7006587615283267,0.6147562582345191,0.6704874835309618,0.5686429512516469
18,horse,9,36,70 71 72 73 74 75 76 77 78,0.5503217503217503,0.7253539253539254,0.5848133848133849,0.5989703989703989,0.7258687258687259,0.6875160875160875
18,motorbike,4,6,79 80 81 82,0.7142857142857143,0.42857142857142855,0.7142857142857143,0.8285714285714286,0.4857142857142857,0.2
18,person,14,91,83 84 85 86 87 88 89 90 91 92 93 94 95 96,0.8947443860487339,0.7473005255613951,0.8401019270584488,0.7412804586717631,0.7419812071985985,0.8979933110367893
18,sheep,9,36,99 100 101 102 103 104 105 106 107,0.6036036036036037,0.4720720720720721,0.16833976833976835,0.67001287001287,0.38172458172458174,0.36164736164736166
18,train,7,21,108 109 110 111 112 113 114,0.4051948051948052,0.287012987012987,0.6103896103896104,0.14285714285714285,0.16363636363636364,0.6376623376623377
19,aeroplane,6,15,0 1 2 3 4 5,0.4714285714285714,-0.02142857142857143,0.1392857142857143,0.32142857142857145,0.16428571428571428,-0.2714285714285714
19,bicycle,5,10,6 7 8 9 10,0.24848484848484848,0.3939393939393939,0.44242424242424244,0.6121212121212121,0.3696969696969697,0.7454545454545455
19,bird,9,36,11 12 13 14 15 16 17 18 19,0.723037323037323,0.5722007722007721,0.38404118404118404,0.6504504504504505,0.7109395109395109,0.5521235521235521
19,bus,10,45,22 23 24 25 26 27 28 29 30 31,0.7085638998682477,0.5121212121212121,0.7476943346508564,0.49828722002635045,0.5881422924901186,0.7839262187088274
19,car,10,45,32 33 34 35 36 37 38 39 40 41,0.6827404479578393,0.6005270092226614,0.6628458498023715,0.5790513833992095,0.7627140974967062,0.5766798418972332
19,cat,9,36,42 43 44 45 46 47 48 49 50,0.8288288288288288,0.7871299871299872,0.7927927927927928,0.667953667953668,0.8208494208494208,0.6048906048906049
19,cow,9,36,51 52 53 54 55 56 57 58 59,0.5021879021879022,0.6934362934362934,0.5142857142857142,0.5222651222651222,0.698069498069498,0.5629343629343629
19,dog,10,45,60 61 62 63 64 65 66 67 68 69,0.9063241106719367,0.6444005270092227,0.6924901185770751,0.6127799736495388,0.666798418972332,0.5686429512516469
19,horse,9,36,70 71 72 73 74 75 76 77 78,0.5521235521235521,0.7276705276705276,0.5752895752895753,0.6244530244530244,0.7436293436293436,0.6875160875160875
19,motorbike,4,6,79 80 81 82,0.7142857142857143,0.42857142857142855,0.7142857142857143,0.8285714285714286,0.4857142857142857,0.2
19,person,14,91,83 84 85 86 87 88 89 90 91 92 93 94 95 96,0.8972288580984233,0.7418697244784201,0.8407389711737537,0.7508361204013378,0.7486542443064182,0.8979933110367893
19,sheep,9,36,99 100 101 102 103 104 105 106 107,0.5796653796653797,0.49034749034749037,0.1552123552123552,0.6648648648648648,0.3879021879021879,0.36164736164736166
19,train,7,21,108 109 110 111 112 113 114,0.42597402597402595,0.2636363636363636,0.6051948051948052,0.10649350649350649,0.14025974025974025,0.6376623376623377
20,aeroplane,6,15,0 1 2 3 4 5,0.44285714285714284,-0.060714285714285714,0.1392857142857143,0.28214285714285714,0.16071428571428573,-0.2714285714285714
20,bicycle,5,10,6 7 8 9 10,0.2727272727272727,0.3696969696969697,0.44242424242424244,0.6242424242424243,0.34545454545454546,0.7454545454545455
20,bird,9,36,11 12 13 14 15 16 17 18 19,0.7271557271557272,0.5745173745173745,0.40102960102960106,0.6496782496782497,0.7083655083655084,0.5521235521235521
20,bus,10,45,22 23 24 25 26 27 28 29 30 31,0.706060606060606,0.5115942028985507,0.741106719367589,0.4924901185770751,0.5907773386034255,0.7839262187088274
20,car,10,45,32 33 34 35 36 37 38 39 40 41,0.6824769433465085,0.5984189723320158,0.6756258234519104,0.5756258234519104,0.7533596837944664,0.5766798418972332
20,cat,9,36,42 43 44 45 46 47 48 49 50,0.8383526383526384,0.7783783783783784,0.8082368082368082,0.6651222651222651,0.8321750321750322,0.6048906048906049
20,cow,9,36,51 52 53 54 55 56 57 58 59,0.49703989703989704,0.6908622908622909,0.5047619047619047,0.5181467181467182,0.6965250965250965,0.5629343629343629
20,dog,10,45,60 61 62 63 64 65 66 67 68 69,0.9063241106719367,0.6374176548089592,0.6898550724637681,0.6134387351778656,0.6648221343873518,0.5686429512516469
20,horse,9,36,70 71 72 73 74 75 76 77 78,0.5722007722007721,0.7176319176319176,0.590990990990991,0.6290862290862291,0.7451737451737451,0.6875160875160875
20,motorbike,4,6,79 80 81 82,0.7142857142857143,0.42857142857142855,0.7142857142857143,0.7714285714285715,0.5428571428571428,0.2
20,person,14,91,83 84 85 86 87 88 89 90 91 92 93 94 95 96,0.9019907628603281,0.7397197005892658,0.8384615384615385,0.7564421086160217,0.7523650262780698,0.8979933110367893
20,sheep,9,36,99 100 101 102 103 104 105 106 107,0.5536679536679536,0.4980694980694981,0.1534105534105534,0.6653796653796654,0.4043758043758044,0.36164736164736166
20,train,7,21,108 109 110 111 112 113 114,0.42597402597402595,0.2636363636363636,0.6051948051948052,0.14155844155844155,0.12987012987012986,0.6376623376623377
21,aeroplane,6,15,0 1 2 3 4 5,0.5285714285714286,-0.05357142857142857,0.08928571428571429,0.25,0.075,-0.2714285714285714
21,bicycle,5,10,6 7 8 9 10,0.21212121212121213,0.3696969696969697,0.3939393939393939,0.6242424242424243,0.34545454545454546,0.7454545454545455
21,bird,9,36,11 12 13 14 15 16 17 18 19,0.7330759330759331,0.5745173745173745,0.398970398970399,0.6517374517374518,0.7001287001287001,0.5521235521235521
21,bus,10,45,22 23 24 25 26 27 28 29 30 31,0.7140974967061924,0.5057971014492754,0.7438735177865613,0.49407114624505927,0.597364953886693,0.7839262187088274
21,car,10,45,32 33 34 35 36 37 38 39 40 41,0.6853754940711463,0.5942028985507246,0.6714097496706193,0.5662714097496706,0.7470355731225297,0.5766798418972332
21,cat,9,36,42 43 44 45 46 47 48 49 50,0.8473616473616473,0.7760617760617761,0.8041184041184041,0.667953667953668,0.8311454311454312,0.6048906048906049
21,cow,9,36,51 52 53 54 55 56 57 58 59,0.4882882882882883,0.6854568854568854,0.5075933075933076,0.5127413127413127,0.6978120978120979,0.5629343629343629
21,dog,10,45,60 61 62 63 64 65 66 67 68 69,0.9160737812911726,0.6374176548089592,0.6918313570487483,0.611725955204216,0.6642951251646904,0.5686429512516469
21,horse,9,36,70 71 72 73 74 75 76 77 78,0.5778635778635779,0.720978120978121,0.5894465894465895,0.6285714285714286,0.7503217503217503,0.6875160875160875
21,motorbike,4,6,79 80 81 82,0.7142857142857143,0.42857142857142855,0.7142857142857143,0.7714285714285715,0.5428571428571428,0.2
21,person,14,91,83 84 85 86 87 88 89 90 91 92 93 94 95 96,0.9053670966714445,0.7360089186176143,0.8363115145723842,0.7576206402293358,0.7527313266443701,0.8979933110367893
21,sheep,9,36,99 100 101 102 103 104 105 106 107,0.522007722007722,0.48854568854568853,0.15444015444015444,0.6602316602316602,0.4254826254826255,0.36164736164736166
21,train,7,21,108 109 110 111 112 113 114,0.4103896103896104,0.2623376623376623,0.612987012987013,0.15584415584415584,0.14415584415584415,0.6376623376623377
22,aeroplane,6,15,0 1 2 3 4 5,0.5607142857142857,-0.05357142857142857,0.06428571428571428,0.15357142857142858,0.11428571428571428,-0.2714285714285714
22,bicycle,5,10,6 7 8 9 10,0.21212121212121213,0.3696969696969697,0.3939393939393939,0.6242424242424243,0.34545454545454546,0.7454545454545455
22,bird,9,36,11 12 13 14 15 16 17 18 19,0.7480051480051481,0.5693693693693693,0.375032175032175,0.6550836550836551,0.6988416988416989,0.5521235521235521
22,bus,10,45,22 23 24 25 26 27 28 29 30 31,0.7100131752305665,0.503030303030303,0.7341238471673255,0.49776021080368904,0.6073781291172595,0.7839262187088274
22,car,10,45,32 33 34 35 36 37 38 39 40 41,0.7144927536231884,0.5889328063241107,0.6840579710144927,0.5625823451910409,0.7480895915678525,0.5766798418972332
22,cat,9,36,42 43 44 45 46 47 48 49 50,0.8319176319176319,0.7678249678249678,0.8082368082368082,0.6697554697554697,0.8321750321750322,0.6048906048906049
22,cow,9,36,51 52 53 54 55 56 57 58 59,0.4911196911196911,0.6805662805662805,0.5137709137709138,0.5160875160875161,0.6996138996138996,0.5629343629343629
22,dog,10,45,60 61 62 63 64 65 66 67 68 69,0.9155467720685112,0.6339920948616601,0.6791831357048749,0.61133069828722,0.6631093544137022,0.5686429512516469
22,horse,9,36,70 71 72 73 74 75 76 77 78,0.5678249678249678,0.7086229086229087,0.5868725868725869,0.631917631917632,0.7526383526383527,0.6875160875160875
22,motorbike,4,6,79 80 81 82,0.7142857142857143,0.42857142857142855,0.7142857142857143,0.7714285714285715,0.5428571428571428,0.2
22,person,14,91,83 84 85 86 87 88 89 90 91 92 93 94 95 96,0.9101290014333493,0.735722248765727,0.8350215002388915,0.761856983596114,0.7550406115623507,0.8979933110367893
22,sheep,9,36,99 100 101 102 103 104 105 106 107,0.5155727155727156,0.48983268983268985,0.1395109395109395,0.6507078507078508,0.42676962676962676,0.36164736164736166
22,train,7,21,108 109 110 111 112 113 114,0.39090909090909093,0.2532467532467532,0.6116883116883117,0.17272727272727273,0.15194805194805194,0.6376623376623377
23,aeroplane,6,15,0 1 2 3 4 5,0.5607142857142857,-0.05357142857142857,0.06428571428571428,0.16071428571428573,0.09642857142857143,-0.2714285714285714
23,bicycle,5,10,6 7 8 9 10,0.21212121212121213,0.3696969696969697,0.3212121212121212,0.6242424242424243,0.34545454545454546,0.7454545454545455
23,bird,9,36,11 12 13 14 15 16 17 18 19,0.7536679536679537,0.5688545688545689,0.3758043758043758,0.6648648648648648,0.705019305019305,0.5521235521235521
23,bus,10,45,22 23 24 25 26 27 28 29 30 31,0.7164690382081687,0.4911725955204216,0.730566534914361,0.49051383399209486,0.6032938076416338,0.7839262187088274
23,car,10,45,32 33 34 35 36 37 38 39 40 41,0.7167325428194994,0.5844532279314888,0.6934123847167325,0.5517786561264822,0.7259552042160737,0.5766798418972332
23,cat,9,36,42 43 44 45 46 47 48 49 50,0.8342342342342343,0.7657657657657657,0.8046332046332046,0.6658944658944659,0.8373230373230374,0.6048906048906049
23,cow,9,36,51 52 53 54 55 56 57 58 59,0.5011583011583012,0.6826254826254826,0.5124839124839125,0.5114543114543114,0.6998712998712999,0.5629343629343629
23,dog,10,45,60 61 62 63 64 65 66 67 68 69,0.9208168642951252,0.633596837944664,0.6736495388669301,0.6094861660079052,0.6636363636363637,0.5686429512516469
23,horse,9,36,70 71 72 73 74 75 76 77 78,0.5688545688545689,0.7009009009009008,0.6007722007722007,0.6236808236808237,0.7577863577863578,0.6875160875160875
23,motorbike,4,6,79 80 81 82,0.7142857142857143,0.42857142857142855,0.7142857142857143,0.7714285714285715,0.5428571428571428,0.2
23,person,14,91,83 84 85 86 87 88 89 90 91 92 93 94 95 96,0.9134097786271699,0.7363911450867973,0.8323299888517279,0.7642936773371556,0.7546743111960503,0.8979933110367893
23,sheep,9,36,99 100 101 102 103 104 105 106 107,0.4908622908622909,0.5101673101673102,0.13487773487773488,0.6465894465894466,0.42625482625482625,0.36164736164736166
23,train,7,21,108 109 110 111 112 113 114,0.41688311688311686,0.2532467532467532,0.5935064935064935,0.15454545454545454,0.14935064935064934,0.6376623376623377
24,aeroplane,6,15,0 1 2 3 4 5,0.5714285714285714,-0.060714285714285714,0.05,0.14285714285714285,0.075,-0.2714285714285714
24,bicycle,5,10,6 7 8 9 10,0.21212121212121213,0.3696969696969697,0.3212121212121212,0.6242424242424243,0.34545454545454546,0.7454545454545455
24,bird,9,36,11 12 13 14 15 16 17 18 19,0.7747747747747747,0.5644787644787644,0.3969111969111969,0.6640926640926641,0.6983268983268983,0.5521235521235521
24,bus,10,45,22 23 24 25 26 27 28 29 30 31,0.7154150197628458,0.4956521739130435,0.7329380764163372,0.4847167325428195,0.6022397891963109,0.7839262187088274
24,car,10,45,32 33 34 35 36 37 38 39 40 41,0.7293807641633728,0.5849802371541502,0.6924901185770751,0.5469038208168643,0.7213438735177866,0.5766798418972332
24,cat,9,36,42 43 44 45 46 47 48 49 50,0.8344916344916344,0.7693693693693694,0.8038610038610039,0.6640926640926641,0.8383526383526384,0.6048906048906049
24,cow,9,36,51 52 53 54 55 56 57 58 59,0.5114543114543114,0.6828828828828829,0.512998712998713,0.510939510939511,0.6906048906048906,0.5629343629343629
24,dog,10,45,60 61 62 63 64 65 66 67 68 69,0.927536231884058,0.6339920948616601,0.6756258234519104,0.6076416337285903,0.6628458498023715,0.5686429512516469
24,horse,9,36,70 71 72 73 74 75 76 77 78,0.5716859716859717,0.7021879021879022,0.6007722007722007,0.6213642213642213,0.759073359073359,0.6875160875160875
24,motorbike,4,6,79 80 81 82,0.7142857142857143,0.42857142857142855,0.7142857142857143,0.7714285714285715,0.5428571428571428,0.2
24,person,14,91,83 84 85 86 87 88 89 90 91 92 93 94 95 96,0.9136008918617614,0.7323936932632584,0.8311355311355312,0.7726389552476509,0.7589902850772416,0.8979933110367893
24,sheep,9,36,99 100 101 102 103 104 105 106 107,0.5088803088803089,0.5086229086229086,0.131016731016731,0.6360360360360361,0.425997425997426,0.36164736164736166
24,train,7,21,108 109 110 111 112 113 114,0.42987012987012985,0.2545454545454545,0.5935064935064935,0.15454545454545454,0.14935064935064934,0.6376623376623377
25,aeroplane,6,15,0 1 2 3 4 5,0.55,-0.075,0.02142857142857143,0.10357142857142858,0.010714285714285714,-0.2714285714285714
25,bicycle,5,10,6 7 8 9 10,0.3090909090909091,0.3696969696969697,0.3212121212121212,0.6242424242424243,0.34545454545454546,0.7454545454545455
25,bird,9,36,11 12 13 14 15 16 17 18 19,0.7912483912483913,0.5745173745173745,0.4048906048906049,0.668983268983269,0.693951093951094,0.5521235521235521
25,bus,10,45,22 23 24 25 26 27 28 29 30 31,0.7243741765480896,0.49183135704874836,0.7256916996047431,0.4874835309617918,0.6032938076416338,0.7839262187088274
25,car,10,45,32 33 34 35 36 37 38 39 40 41,0.7486166007905138,0.5826086956521739,0.686034255599473,0.533201581027668,0.7213438735177866,0.5766798418972332
25,cat,9,36,42 43 44 45 46 47 48 49 50,0.8388674388674389,0.7688545688545688,0.805920205920206,0.6640926640926641,0.8383526383526384,0.6048906048906049
25,cow,9,36,51 52 53 54 55 56 57 58 59,0.5111969111969112,0.6828828828828829,0.5145431145431145,0.5063063063063064,0.6846846846846847,0.5629343629343629
25,dog,10,45,60 61 62 63 64 65 66 67 68 69,0.9322793148880105,0.6382081686429513,0.6671936758893281,0.6098814229249012,0.6665349143610013,0.5686429512516469
25,horse,9,36,70 71 72 73 74 75 76 77 78,0.580952380952381,0.7037323037323038,0.6151866151866152,0.615958815958816,0.7642213642213642,0.6875160875160875
25,motorbike,4,6,79 80 81 82,0.7142857142857143,0.42857142857142855,0.7142857142857143,0.7714285714285715,0.5428571428571428,0.2
25,person,14,91,83 84 85 86 87 88 89 90 91 92 93 94 95 96,0.9169772256728779,0.7309603440038223,0.8317885013537187,0.7772256728778468,0.7620162446249403,0.8979933110367893
25,sheep,9,36,99 100 101 102 103 104 105 106 107,0.4731016731016731,0.5238095238095238,0.12947232947232948,0.6301158301158302,0.42882882882882883,0.36164736164736166
25,train,7,21,108 109 110 111 112 113 114,0.4090909090909091,0.2532467532467532,0.587012987012987,0.15324675324675324,0.14675324675324675,0.6376623376623377
26,aeroplane,6,15,0 1 2 3 4 5,0.4928571428571429,-0.07857142857142857,0.02142857142857143,0.09642857142857143,0.010714285714285714,-0.2714285714285714
26,bicycle,5,10,6 7 8 9 10,0.3212121212121212,0.3696969696969697,0.2727272727272727,0.6242424242424243,0.34545454545454546,0.7454545454545455
26,bird,9,36,11 12 13 14 15 16 17 18 19,0.7796653796653796,0.5745173745173745,0.39510939510939513,0.6666666666666666,0.6895752895752896,0.5521235521235521
26,bus,10,45,22 23 24 25 26 27 28 29 30 31,0.7233201581027668,0.48432147562582345,0.7254281949934124,0.4894598155467721,0.6096179183135705,0.7839262187088274
26,car,10,45,32 33 34 35 36 37 38 39 40 41,0.7573122529644268,0.5832674571805007,0.6877470355731226,0.5317523056653491,0.7225296442687748,0.5766798418972332
26,cat,9,36,42 43 44 45 46 47 48 49 50,0.8414414414414414,0.7616473616473617,0.8036036036036036,0.6612612612612613,0.8393822393822394,0.6048906048906049
26,cow,9,36,51 52 53 54 55 56 57 58 59,0.5142857142857142,0.6893178893178893,0.5150579150579151,0.4957528957528958,0.6823680823680823,0.5629343629343629
26,dog,10,45,60 61 62 63 64 65 66 67 68 69,0.9342555994729907,0.6368906455862977,0.6679841897233202,0.6102766798418973,0.6704874835309618,0.5686429512516469
26,horse,9,36,70 71 72 73 74 75 76 77 78,0.5861003861003861,0.7096525096525097,0.6229086229086229,0.616988416988417,0.7662805662805663,0.6875160875160875
26,motorbike,4,6,79 80 81 82,0.7142857142857143,0.42857142857142855,0.7142857142857143,0.7714285714285715,0.5428571428571428,0.2
26,person,14,91,83 84 85 86 87 88 89 90 91 92 93 94 95 96,0.9215639433030738,0.7308488612836439,0.8309603440038222,0.7774645644210861,0.7597069597069597,0.8979933110367893
26,sheep,9,36,99 100 101 102 103 104 105 106 107,0.4646074646074646,0.5111969111969112,0.12947232947232948,0.6254826254826255,0.4332046332046332,0.36164736164736166
26,train,7,21,108 109 110 111 112 113 114,0.43116883116883115,0.2506493506493506,0.587012987012987,0.16753246753246753,0.17012987012987013,0.6376623376623377
27,aeroplane,6,15,0 1 2 3 4 5,0.5392857142857143,-0.060714285714285714,-0.02142857142857143,0.09642857142857143,-0.02142857142857143,-0.2714285714285714
27,bicycle,5,10,6 7 8 9 10,0.3212121212121212,0.3696969696969697,0.2727272727272727,0.6242424242424243,0.34545454545454546,0.7454545454545455
27,bird,9,36,11 12 13 14 15 16 17 18 19,0.7897039897039897,0.5835263835263835,0.4043758043758044,0.6702702702702703,0.6882882882882883,0.5521235521235521
27,bus,10,45,22 23 24 25 26 27 28 29 30 31,0.7303030303030303,0.4812911725955204,0.719235836627141,0.4874835309617918,0.6111989459815547,0.7839262187088274
27,car,10,45,32 33 34 35 36 37 38 39 40 41,0.7559947299077734,0.5782608695652174,0.6806324110671936,0.5289855072463768,0.7223978919631093,0.5766798418972332
27,cat,9,36,42 43 44 45 46 47 48 49 50,0.8342342342342343,0.7621621621621621,0.8012870012870013,0.6646074646074646,0.8383526383526384,0.6048906048906049
27,cow,9,36,51 52 53 54 55 56 57 58 59,0.5281853281853282,0.6962676962676962,0.5148005148005148,0.4965250965250965,0.6774774774774774,0.5629343629343629
27,dog,10,45,60 61 62 63 64 65 66 67 68 69,0.9310935441370224,0.6483530961791831,0.6610013175230567,0.6148880105401845,0.6737812911725956,0.5686429512516469
27,horse,9,36,70 71 72 73 74 75 76 77 78,0.5915057915057915,0.7042471042471042,0.6285714285714286,0.6229086229086229,0.7801801801801802,0.6875160875160875
27,motorbike,4,6,79 80 81 82,0.7142857142857143,0.42857142857142855,0.7142857142857143,0.7714285714285715,0.5428571428571428,0.2
27,person,14,91,83 84 85 86 87 88 89 90 91 92 93 94 95 96,0.9231565535913362,0.7279025322503584,0.8298932951106864,0.7792323618410575,0.7605988214683866,0.8979933110367893
27,sheep,9,36,99 100 101 102 103 104 105 106 107,0.4648648648648649,0.5127413127413127,0.13873873873873874,0.6272844272844272,0.43449163449163447,0.36164736164736166
27,train,7,21,108 109 110 111 112 113 114,0.43896103896103894,0.2519480519480519,0.587012987012987,0.16753246753246753,0.17012987012987013,0.6376623376623377
28,aeroplane,6,15,0 1 2 3 4 5,0.5392857142857143,-0.060714285714285714,-0.02142857142857143,0.11071428571428571,-0.007142857142857143,-0.2714285714285714
28,bicycle,5,10,6 7 8 9 10,0.3212121212121212,0.3696969696969697,0.2727272727272727,0.6242424242424243,0.34545454545454546,0.7454545454545455
28,bird,9,36,11 12 13 14 15 16 17 18 19,0.792020592020592,0.5863577863577863,0.4095238095238095,0.6733590733590734,0.6851994851994851,0.5521235521235521
28,bus,10,45,22 23 24 25 26 27 28 29 30 31,0.7341238471673255,0.4776021080368906,0.7242424242424242,0.4797101449275362,0.6080368906455863,0.7839262187088274
28,car,10,45,32 33 34 35 36 37 38 39 40 41,0.7653491436100132,0.5740447957839262,0.6811594202898551,0.5276679841897233,0.7188405797101449,0.5766798418972332
28,cat,9,36,42 43 44 45 46 47 48 49 50,0.8391248391248392,0.7577863577863578,0.7981981981981981,0.6661518661518662,0.8388674388674389,0.6048906048906049
28,cow,9,36,51 52 53 54 55 56 57 58 59,0.5245817245817246,0.696010296010296,0.5168597168597169,0.4957528957528958,0.679021879021879,0.5629343629343629
28,dog,10,45,60 61 62 63 64 65 66 67 68 69,0.9318840579710145,0.6483530961791831,0.661528326745718,0.613965744400527,0.6740447957839262,0.5686429512516469
28,horse,9,36,70 71 72 73 74 75 76 77 78,0.602059202059202,0.6985842985842986,0.6290862290862291,0.6223938223938223,0.7812097812097812,0.6875160875160875
28,motorbike,4,6,79 80 81 82,0.7142857142857143,0.42857142857142855,0.7142857142857143,0.7714285714285715,0.5428571428571428,0.2
28,person,14,91,83 84 85 86 87 88 89 90 91 92 93 94 95 96,0.9250517598343685,0.7273132664437012,0.8277432712215321,0.7815257206561554,0.761729574773053,0.8979933110367893
28,sheep,9,36,99 100 101 102 103 104 105 106 107,0.4651222651222651,0.5127413127413127,0.13178893178893178,0.6226512226512226,0.4398970398970399,0.36164736164736166
28,train,7,21,108 109 110 111 112 113 114,0.4623376623376623,0.24415584415584415,0.6012987012987013,0.18181818181818182,0.2051948051948052,0.6376623376623377
29,aeroplane,6,15,0 1 2 3 4 5,0.6214285714285714,-0.03571428571428571,-0.13214285714285715,0.11071428571428571,-0.007142857142857143,-0.2714285714285714
29,bicycle,5,10,6 7 8 9 10,0.3212121212121212,0.3696969696969697,0.2727272727272727,0.6242424242424243,0.34545454545454546,0.7454545454545455
29,bird,9,36,11 12 13 14 15 16 17 18 19,0.7938223938223938,0.5845559845559846,0.4172458172458172,0.6736164736164736,0.6854568854568854,0.5521235521235521
29,bus,10,45,22 23 24 25 26 27 28 29 30 31,0.7444005270092227,0.47246376811594204,0.7188405797101449,0.47944664031620554,0.6036890645586298,0.7839262187088274
29,car,10,45,32 33 34 35 36 37 38 39 40 41,0.7602108036890646,0.563768115942029,0.669828722002635,0.5264822134387351,0.716600790513834,0.5766798418972332
29,cat,9,36,42 43 44 45 46 47 48 49 50,0.8398970398970399,0.7577863577863578,0.8,0.6661518661518662,0.8388674388674389,0.6048906048906049
29,cow,9,36,51 52 53 54 55 56 57 58 59,0.5256113256113256,0.6918918918918919,0.5145431145431145,0.4980694980694981,0.6844272844272844,0.5629343629343629
29,dog,10,45,60 61 62 63 64 65 66 67 68 69,0.9393939393939394,0.6548089591567853,0.6649538866930171,0.6109354413702239,0.6768115942028986,0.5686429512516469
29,horse,9,36,70 71 72 73 74 75 76 77 78,0.6185328185328185,0.6942084942084942,0.6326898326898327,0.6157014157014157,0.7845559845559845,0.6875160875160875
29,motorbike,4,6,79 80 81 82,0.7142857142857143,0.42857142857142855,0.7142857142857143,0.7714285714285715,0.5428571428571428,0.2
29,person,14,91,83 84 85 86 87 88 89 90 91 92 93 94 95 96,0.9276795668100016,0.7273928969581144,0.8247491638795986,0.7853479853479853,0.7657111004937092,0.8979933110367893
29,sheep,9,36,99 100 101 102 103 104 105 106 107,0.4463320463320463,0.5114543114543114,0.12483912483912483,0.6164736164736164,0.43938223938223936,0.36164736164736166
29,train,7,21,108 109 110 111 112 113 114,0.5038961038961038,0.24155844155844156,0.5987012987012987,0.2,0.19480519480519481,0.6376623376623377
30,aeroplane,6,15,0 1 2 3 4 5,0.6464285714285715,-0.06785714285714285,-0.12142857142857143,0.11071428571428571,-0.007142857142857143,-0.2714285714285714
30,bicycle,5,10,6 7 8 9 10,0.3212121212121212,0.3696969696969697,0.2727272727272727,0.6242424242424243,0.34545454545454546,0.7454545454545455
30,bird,9,36,11 12 13 14 15 16 17 18 19,0.7933075933075933,0.5842985842985843,0.4149292149292149,0.6697554697554697,0.6746460746460746,0.5521235521235521
30,bus,10,45,22 23 24 25 26 27 28 29 30 31,0.7482213438735178,0.47575757575757577,0.7144927536231884,0.46561264822134385,0.5919631093544137,0.7839262187088274
30,car,10,45,32 33 34 35 36 37 38 39 40 41,0.7636363636363637,0.5629776021080369,0.6714097496706193,0.5237154150197628,0.71699604743083,0.5766798418972332
30,cat,9,36,42 43 44 45 46 47 48 49 50,0.8398970398970399,0.7546975546975547,0.8033462033462033,0.6661518661518662,0.8388674388674389,0.6048906048906049
30,cow,9,36,51 52 53 54 55 56 57 58 59,0.5302445302445302,0.698069498069498,0.5158301158301158,0.5045045045045045,0.6882882882882883,0.5629343629343629
30,dog,10,45,60 61 62 63 64 65 66 67 68 69,0.9376811594202898,0.6530961791831357,0.6642951251646904,0.6109354413702239,0.6768115942028986,0.5686429512516469
30,horse,9,36,70 71 72 73 74 75 76 77 78,0.6193050193050194,0.7055341055341056,0.6280566280566281,0.6108108108108108,0.7868725868725869,0.6875160875160875
30,motorbike,4,6,79 80 81 82,0.7142857142857143,0.42857142857142855,0.7142857142857143,0.7714285714285715,0.5428571428571428,0.2
30,person,14,91,83 84 85 86 87 88 89 90 91 92 93 94 95 96,0.9295110686415035,0.7247013855709508,0.8219143175664915,0.7885172798216277,0.7695015129797739,0.8979933110367893
30,sheep,9,36,99 100 101 102 103 104 105 106 107,0.4517374517374517,0.5135135135135135,0.12561132561132562,0.6164736164736164,0.43938223938223936,0.36164736164736166
30,train,7,21,108 109 110 111 112 113 114,0.5103896103896104,0.24155844155844156,0.5987012987012987,0.21168831168831168,0.2051948051948052,0.6376623376623377
