epoch,spearman_macro,retention_spearman_macro,matched_cosine_mean,matched_cosine_median,matched_cosine_object_macro,structure_cosine_macro,spearman_global,structure_cosine_global,orthogonality_max_abs,orthogonality_fro,W_minus_I_fro,selector,mapping,valid_gt_parts,valid_object_groups
0,0.531387892591906,1.0,0.530802309513092,0.5253840684890747,0.563539570197463,0.9647953785382785,0.6815366117752284,0.8686285018920898,0.0,0.0,0.0,base,identity,116,13
1,0.5566412112398734,0.9883181418298475,0.6685243844985962,0.6651042103767395,0.6925870254635811,0.9660288966619052,0.6975942417328016,0.8952068090438843,0.018338322639465332,1.9283593893051147,1.4218251705169678,relative,linear,116,13
2,0.5622781516594226,0.9762160885906705,0.7073752284049988,0.7193447351455688,0.728471364825964,0.966538511789762,0.7073441692649209,0.9001851081848145,0.044580698013305664,3.0646274089813232,2.237656593322754,relative,linear,116,13
3,0.592990588308314,0.9548936939405167,0.7275484204292297,0.7409547567367554,0.7459643892943859,0.9672545011226947,0.7123022755956008,0.9036663770675659,0.0687718391418457,3.933427572250366,2.852353096008301,relative,linear,116,13
4,0.5954109247587509,0.9491405766489377,0.7416949272155762,0.7522902488708496,0.7578846700489521,0.9679669279318589,0.715445973430764,0.9066349864006042,0.08984732627868652,4.663010120391846,3.36491060256958,relative,linear,116,13
5,0.6087005570283163,0.9395806000321051,0.7520738840103149,0.7650578022003174,0.766468234360218,0.9685471883186927,0.7169614477209387,0.9088361263275146,0.12346053123474121,5.310321807861328,3.815222978591919,relative,linear,116,13
6,0.6115254581809766,0.9172679222010326,0.7603812217712402,0.7741761207580566,0.7734823003411293,0.9689136193348811,0.7174902434882655,0.9102005958557129,0.1594996452331543,5.898812294006348,4.2183403968811035,relative,linear,116,13
7,0.6120568439966434,0.9095616848125208,0.7667156457901001,0.7868370413780212,0.7787433043122292,0.969114757501162,0.7182217674231038,0.9110783338546753,0.19672322273254395,6.437966346740723,4.581951141357422,relative,linear,116,13
8,0.611831711330039,0.9020901602841402,0.7711102962493896,0.7958545088768005,0.782244049012661,0.9692390744502728,0.7194121384536896,0.9118117094039917,0.23451781272888184,6.9297685623168945,4.912605285644531,relative,linear,116,13
9,0.6064098410252255,0.8898788878721988,0.7745304703712463,0.8031201958656311,0.785051841288805,0.9693544782125033,0.7199837326754629,0.9118775725364685,0.272239089012146,7.378419399261475,5.212092876434326,relative,linear,116,13
10,0.5997743751924353,0.8833338224642571,0.7776094079017639,0.8081833124160767,0.787507526576519,0.9694665395296537,0.7209194791374175,0.9118062257766724,0.3094756603240967,7.788052558898926,5.4845404624938965,relative,linear,116,13
11,0.593113312009633,0.872044364686505,0.7796527147293091,0.8114218711853027,0.7891102582216263,0.9695599491779621,0.7210545294738997,0.9114657044410706,0.34557557106018066,8.161884307861328,5.732975006103516,relative,linear,116,13
12,0.5861970940566257,0.8651238845218777,0.7811597585678101,0.8125126361846924,0.7901455983519554,0.9696413599527799,0.7217618800418769,0.9115351438522339,0.37991392612457275,8.504999160766602,5.9621357917785645,relative,linear,116,13
13,0.5890907745422796,0.8440024286178132,0.7828450202941895,0.8176731467247009,0.7913196831941605,0.9696917396325332,0.7209237929015307,0.9107396602630615,0.4135376214981079,8.820977210998535,6.17401647567749,relative,linear,116,13
14,0.585590433249296,0.8336900497435615,0.7838273048400879,0.8185616135597229,0.791866522282362,0.9697663829876826,0.7214311113908264,0.9106373190879822,0.4452228546142578,9.113037109375,6.370335578918457,relative,linear,116,13
15,0.5833657092854417,0.8252800304639769,0.7843606472015381,0.8185086250305176,0.7920630797743797,0.9697355673863337,0.7202347542631871,0.9097110629081726,0.4751206636428833,9.386651039123535,6.553597450256348,relative,linear,116,13
16,0.5762376600169241,0.8184724477366617,0.7846925854682922,0.8213238716125488,0.7918891757726669,0.9697234172087449,0.7199917367548101,0.9094646573066711,0.5036715269088745,9.643105506896973,6.727536678314209,relative,linear,116,13
17,0.570928046011658,0.8109587736678037,0.7850432991981506,0.8220419883728027,0.7918474934995174,0.9696560593751761,0.7188581216437592,0.9085390567779541,0.5309287309646606,9.883682250976562,6.890356540679932,relative,linear,116,13
18,0.5682067352635914,0.8045300582089878,0.7855541110038757,0.8267999887466431,0.7918816581368446,0.9695348372826209,0.7191186119345394,0.9081123471260071,0.5566580295562744,10.110771179199219,7.044039249420166,relative,linear,116,13
19,0.5589677978473966,0.7940114022889944,0.7852943539619446,0.8291209936141968,0.7913144864141941,0.9694406115091764,0.71706338624073,0.9072360992431641,0.5805975198745728,10.325316429138184,7.189879417419434,relative,linear,116,13
20,0.5618976529511646,0.7898200168267058,0.7850692272186279,0.8326698541641235,0.7907466143369675,0.96923972093142,0.7158400047690596,0.9065477848052979,0.6036887168884277,10.530576705932617,7.329363822937012,relative,linear,116,13
21,0.5544994483957694,0.7852172594647512,0.7851479649543762,0.8347984552383423,0.7903226800262928,0.9690586557755103,0.7148637178625237,0.9055362343788147,0.6257897615432739,10.727375030517578,7.462892532348633,relative,linear,116,13
22,0.5492314624421648,0.7804495746803439,0.7850274443626404,0.836513102054596,0.7898107394576073,0.9688227360065167,0.7142967400105866,0.9048885107040405,0.6465466022491455,10.915112495422363,7.590758800506592,relative,linear,116,13
23,0.5424476860931711,0.7739889739053619,0.7844489216804504,0.8390200734138489,0.7888421416282654,0.9685920155965365,0.7128962160278373,0.904072642326355,0.6664524078369141,11.094703674316406,7.712710380554199,relative,linear,116,13
24,0.5428272095496176,0.7710456556610403,0.7837968468666077,0.8407602310180664,0.7878632843494415,0.9683490578944867,0.7118985730211939,0.9033573865890503,0.6858327388763428,11.267694473266602,7.829909324645996,relative,linear,116,13
25,0.5403584920307328,0.7703954644590094,0.7834957242012024,0.8402712345123291,0.7871444411575794,0.9680209847596976,0.7101355641241032,0.9021090865135193,0.7052268981933594,11.433703422546387,7.942441940307617,relative,linear,116,13
26,0.5364404750692375,0.7633500406911777,0.7834243774414062,0.8409326076507568,0.7867589816451073,0.9677487565920904,0.7087766045424359,0.9009731411933899,0.7226896286010742,11.593537330627441,8.050076484680176,relative,linear,116,13
27,0.5331641346691515,0.758938062449768,0.7828242182731628,0.8427895903587341,0.7858085706830025,0.9673650585688077,0.707282759582127,0.8997730612754822,0.7399486303329468,11.748552322387695,8.154230117797852,relative,linear,116,13
28,0.5343856496030409,0.755546967419877,0.782028079032898,0.845016360282898,0.7847756445407867,0.9670287324832036,0.7059124374030943,0.8990316987037659,0.7563997507095337,11.897374153137207,8.254256248474121,relative,linear,116,13
29,0.5247124361672856,0.7495283731905805,0.7817728519439697,0.8473025560379028,0.7842536456882954,0.9667063172046955,0.705248519841608,0.8980664014816284,0.7726482152938843,12.039999961853027,8.350244522094727,relative,linear,116,13
30,0.5249362421603224,0.7436467800180174,0.781539261341095,0.8470116853713989,0.7837857902050018,0.9663198085931631,0.7038570394234315,0.8970044851303101,0.7885591983795166,12.178565979003906,8.443488121032715,relative,linear,116,13
